alpha,gold_mode,lang_type,split,ndcg@10,hit@1
0.0,all,en,test,0.4935232796777481,1.0
0.0,hi_only,en,test,0.0,0.0
0.1,all,en,test,0.4935232796777481,1.0
0.1,hi_only,en,test,0.0,0.0
0.2,all,en,test,0.4935232796777481,1.0
0.2,hi_only,en,test,0.0,0.0
0.3,all,en,test,0.4935232796777481,1.0
0.3,hi_only,en,test,0.0,0.0
0.4,all,en,test,0.4935232796777481,1.0
0.4,hi_only,en,test,0.0,0.0
0.5,all,en,test,0.4935232796777481,1.0
0.5,hi_only,en,test,0.0,0.0
0.6,all,en,test,0.4935232796777481,1.0
0.6,hi_only,en,test,0.0,0.0
0.7,all,en,test,0.4935232796777481,1.0
0.7,hi_only,en,test,0.0,0.0
0.8,all,en,test,0.601312434202259,1.0
0.8,hi_only,en,test,0.16716045496620227,0.0
0.82,all,en,test,0.601312434202259,1.0
0.82,hi_only,en,test,0.16716045496620227,0.0
0.84,all,en,test,0.6238470455881188,1.0
0.84,hi_only,en,test,0.20210734650054757,0.0
0.86,all,en,test,0.6238470455881188,1.0
0.86,hi_only,en,test,0.20210734650054757,0.0
0.88,all,en,test,0.6238470455881188,1.0
0.88,hi_only,en,test,0.20210734650054757,0.0
0.9,all,en,test,0.6238470455881188,1.0
0.9,hi_only,en,test,0.20210734650054757,0.0
0.92,all,en,test,0.644824486427155,1.0
0.92,hi_only,en,test,0.23463936301137822,0.0
0.94,all,en,test,0.644824486427155,1.0
0.94,hi_only,en,test,0.23463936301137822,0.0
0.96,all,en,test,0.644824486427155,1.0
0.96,hi_only,en,test,0.23463936301137822,0.0
0.98,all,en,test,0.644824486427155,1.0
0.98,hi_only,en,test,0.2960819109658652,0.0
1.0,all,en,test,0.644824486427155,1.0
1.0,hi_only,en,test,0.2960819109658652,0.0
0.0,all,hi,test,0.30260241349881345,1.0
0.0,hi_only,hi,test,0.46927872602275644,1.0
0.1,all,hi,test,0.30260241349881345,1.0
0.1,hi_only,hi,test,0.46927872602275644,1.0
0.2,all,hi,test,0.30260241349881345,1.0
0.2,hi_only,hi,test,0.46927872602275644,1.0
0.3,all,hi,test,0.30260241349881345,1.0
0.3,hi_only,hi,test,0.46927872602275644,1.0
0.4,all,hi,test,0.30260241349881345,1.0
0.4,hi_only,hi,test,0.46927872602275644,1.0
0.5,all,hi,test,0.30260241349881345,1.0
0.5,hi_only,hi,test,0.46927872602275644,1.0
0.6,all,hi,test,0.30260241349881345,1.0
0.6,hi_only,hi,test,0.46927872602275644,1.0
0.7,all,hi,test,0.30260241349881345,1.0
0.7,hi_only,hi,test,0.46927872602275644,1.0
0.8,all,hi,test,0.3936948167222715,1.0
0.8,hi_only,hi,test,0.46927872602275644,1.0
0.82,all,hi,test,0.4103915680233244,1.0
0.82,hi_only,hi,test,0.46927872602275644,1.0
0.84,all,hi,test,0.4103915680233244,1.0
0.84,hi_only,hi,test,0.46927872602275644,1.0
0.86,all,hi,test,0.4103915680233244,1.0
0.86,hi_only,hi,test,0.46927872602275644,1.0
0.88,all,hi,test,0.4329261794091841,1.0
0.88,hi_only,hi,test,0.46927872602275644,1.0
0.9,all,hi,test,0.4329261794091841,1.0
0.9,hi_only,hi,test,0.46927872602275644,1.0
0.92,all,hi,test,0.4329261794091841,1.0
0.92,hi_only,hi,test,0.46927872602275644,1.0
0.94,all,hi,test,0.4539036202482202,1.0
0.94,hi_only,hi,test,0.46927872602275644,1.0
0.96,all,hi,test,0.5449960234716782,1.0
0.96,hi_only,hi,test,0.46927872602275644,1.0
0.98,all,hi,test,0.5493640533376876,1.0
0.98,hi_only,hi,test,0.46927872602275644,1.0
1.0,all,hi,test,0.5493640533376876,1.0
1.0,hi_only,hi,test,0.46927872602275644,1.0
0.0,all,hinglish,test,0.3954551734183064,0.0
0.0,hi_only,hinglish,test,0.0,0.0
0.1,all,hinglish,test,0.4329261794091841,1.0
0.1,hi_only,hinglish,test,0.0,0.0
0.2,all,hinglish,test,0.4329261794091841,1.0
0.2,hi_only,hinglish,test,0.0,0.0
0.3,all,hinglish,test,0.4329261794091841,1.0
0.3,hi_only,hinglish,test,0.0,0.0
0.4,all,hinglish,test,0.4329261794091841,1.0
0.4,hi_only,hinglish,test,0.0,0.0
0.5,all,hinglish,test,0.4539036202482202,1.0
0.5,hi_only,hinglish,test,0.0,0.0
0.6,all,hinglish,test,0.4539036202482202,1.0
0.6,hi_only,hinglish,test,0.0,0.0
0.7,all,hinglish,test,0.4329261794091841,1.0
0.7,hi_only,hinglish,test,0.0,0.0
0.8,all,hinglish,test,0.5240185826326421,1.0
0.8,hi_only,hinglish,test,0.14126697285982898,0.0
0.82,all,hinglish,test,0.5240185826326421,1.0
0.82,hi_only,hinglish,test,0.14126697285982898,0.0
0.84,all,hinglish,test,0.5240185826326421,1.0
0.84,hi_only,hinglish,test,0.14126697285982898,0.0
0.86,all,hinglish,test,0.5240185826326421,1.0
0.86,hi_only,hinglish,test,0.14126697285982898,0.0
0.88,all,hinglish,test,0.540715333933695,1.0
0.88,hi_only,hinglish,test,0.16716045496620227,0.0
0.9,all,hinglish,test,0.540715333933695,1.0
0.9,hi_only,hinglish,test,0.16716045496620227,0.0
0.92,all,hinglish,test,0.540715333933695,1.0
0.92,hi_only,hinglish,test,0.16716045496620227,0.0
0.94,all,hinglish,test,0.540715333933695,1.0
0.94,hi_only,hinglish,test,0.16716045496620227,0.0
0.96,all,hinglish,test,0.540715333933695,1.0
0.96,hi_only,hinglish,test,0.16716045496620227,0.0
0.98,all,hinglish,test,0.540715333933695,1.0
0.98,hi_only,hinglish,test,0.16716045496620227,0.0
1.0,all,hinglish,test,0.540715333933695,1.0
1.0,hi_only,hinglish,test,0.16716045496620227,0.0
0.0,all,hinglish,test,0.3954551734183064,0.0
0.0,hi_only,hinglish,test,0.0,0.0
0.1,all,hinglish,test,0.4329261794091841,1.0
0.1,hi_only,hinglish,test,0.0,0.0
0.2,all,hinglish,test,0.4329261794091841,1.0
0.2,hi_only,hinglish,test,0.0,0.0
0.3,all,hinglish,test,0.4329261794091841,1.0
0.3,hi_only,hinglish,test,0.0,0.0
0.4,all,hinglish,test,0.4329261794091841,1.0
0.4,hi_only,hinglish,test,0.0,0.0
0.5,all,hinglish,test,0.4539036202482202,1.0
0.5,hi_only,hinglish,test,0.0,0.0
0.6,all,hinglish,test,0.4539036202482202,1.0
0.6,hi_only,hinglish,test,0.0,0.0
0.7,all,hinglish,test,0.4329261794091841,1.0
0.7,hi_only,hinglish,test,0.0,0.0
0.8,all,hinglish,test,0.5240185826326421,1.0
0.8,hi_only,hinglish,test,0.14126697285982898,0.0
0.82,all,hinglish,test,0.5240185826326421,1.0
0.82,hi_only,hinglish,test,0.14126697285982898,0.0
0.84,all,hinglish,test,0.5240185826326421,1.0
0.84,hi_only,hinglish,test,0.14126697285982898,0.0
0.86,all,hinglish,test,0.5240185826326421,1.0
0.86,hi_only,hinglish,test,0.14126697285982898,0.0
0.88,all,hinglish,test,0.5283866124986514,1.0
0.88,hi_only,hinglish,test,0.1480409554829326,0.0
0.9,all,hinglish,test,0.5283866124986514,1.0
0.9,hi_only,hinglish,test,0.1480409554829326,0.0
0.92,all,hinglish,test,0.5283866124986514,1.0
0.92,hi_only,hinglish,test,0.1480409554829326,0.0
0.94,all,hinglish,test,0.5283866124986514,1.0
0.94,hi_only,hinglish,test,0.1480409554829326,0.0
0.96,all,hinglish,test,0.4221121032555764,0.0
0.96,hi_only,hinglish,test,0.15642624200758548,0.0
0.98,all,hinglish,test,0.4221121032555764,0.0
0.98,hi_only,hinglish,test,0.15642624200758548,0.0
1.0,all,hinglish,test,0.4221121032555764,0.0
1.0,hi_only,hinglish,test,0.15642624200758548,0.0
0.0,all,hinglish,test,0.3954551734183064,0.0
0.0,hi_only,hinglish,test,0.0,0.0
0.1,all,hinglish,test,0.4329261794091841,1.0
0.1,hi_only,hinglish,test,0.0,0.0
0.2,all,hinglish,test,0.4329261794091841,1.0
0.2,hi_only,hinglish,test,0.0,0.0
0.3,all,hinglish,test,0.4329261794091841,1.0
0.3,hi_only,hinglish,test,0.0,0.0
0.4,all,hinglish,test,0.4329261794091841,1.0
0.4,hi_only,hinglish,test,0.0,0.0
0.5,all,hinglish,test,0.4539036202482202,1.0
0.5,hi_only,hinglish,test,0.0,0.0
0.6,all,hinglish,test,0.4329261794091841,1.0
0.6,hi_only,hinglish,test,0.0,0.0
0.7,all,hinglish,test,0.4329261794091841,1.0
0.7,hi_only,hinglish,test,0.0,0.0
0.8,all,hinglish,test,0.5240185826326421,1.0
0.8,hi_only,hinglish,test,0.14126697285982898,0.0
0.82,all,hinglish,test,0.5240185826326421,1.0
0.82,hi_only,hinglish,test,0.14126697285982898,0.0
0.84,all,hinglish,test,0.5240185826326421,1.0
0.84,hi_only,hinglish,test,0.14126697285982898,0.0
0.86,all,hinglish,test,0.5283866124986514,1.0
0.86,hi_only,hinglish,test,0.1480409554829326,0.0
0.88,all,hinglish,test,0.5205324778030481,1.0
0.88,hi_only,hinglish,test,0.15642624200758548,0.0
0.9,all,hinglish,test,0.5205324778030481,1.0
0.9,hi_only,hinglish,test,0.15642624200758548,0.0
0.92,all,hinglish,test,0.5274541611612878,1.0
0.92,hi_only,hinglish,test,0.16716045496620227,0.0
0.94,all,hinglish,test,0.5274541611612878,1.0
0.94,hi_only,hinglish,test,0.16716045496620227,0.0
0.96,all,hinglish,test,0.5274541611612878,1.0
0.96,hi_only,hinglish,test,0.16716045496620227,0.0
0.98,all,hinglish,test,0.5274541611612878,1.0
0.98,hi_only,hinglish,test,0.16716045496620227,0.0
1.0,all,hinglish,test,0.5274541611612878,1.0
1.0,hi_only,hinglish,test,0.16716045496620227,0.0
0.0,all,hinglish,test,0.3954551734183064,0.0
0.0,hi_only,hinglish,test,0.0,0.0
0.1,all,hinglish,test,0.4329261794091841,1.0
0.1,hi_only,hinglish,test,0.0,0.0
0.2,all,hinglish,test,0.4329261794091841,1.0
0.2,hi_only,hinglish,test,0.0,0.0
0.3,all,hinglish,test,0.4329261794091841,1.0
0.3,hi_only,hinglish,test,0.0,0.0
0.4,all,hinglish,test,0.4329261794091841,1.0
0.4,hi_only,hinglish,test,0.0,0.0
0.5,all,hinglish,test,0.4329261794091841,1.0
0.5,hi_only,hinglish,test,0.0,0.0
0.6,all,hinglish,test,0.41966500663677697,1.0
0.6,hi_only,hinglish,test,0.0,0.0
0.7,all,hinglish,test,0.41966500663677697,1.0
0.7,hi_only,hinglish,test,0.0,0.0
0.8,all,hinglish,test,0.39907586254035626,0.0
0.8,hi_only,hinglish,test,0.14126697285982898,0.0
0.82,all,hinglish,test,0.39907586254035626,0.0
0.82,hi_only,hinglish,test,0.14126697285982898,0.0
0.84,all,hinglish,test,0.39907586254035626,0.0
0.84,hi_only,hinglish,test,0.14126697285982898,0.0
0.86,all,hinglish,test,0.39907586254035626,0.0
0.86,hi_only,hinglish,test,0.14126697285982898,0.0
0.88,all,hinglish,test,0.39907586254035626,0.0
0.88,hi_only,hinglish,test,0.14126697285982898,0.0
0.9,all,hinglish,test,0.39907586254035626,0.0
0.9,hi_only,hinglish,test,0.14126697285982898,0.0
0.92,all,hinglish,test,0.40885093048316934,0.0
0.92,hi_only,hinglish,test,0.15642624200758548,0.0
0.94,all,hinglish,test,0.40885093048316934,0.0
0.94,hi_only,hinglish,test,0.15642624200758548,0.0
0.96,all,hinglish,test,0.40885093048316934,0.0
0.96,hi_only,hinglish,test,0.15642624200758548,0.0
0.98,all,hinglish,test,0.4157726138414091,0.0
0.98,hi_only,hinglish,test,0.18154179253735267,0.0
1.0,all,hinglish,test,0.4157726138414091,0.0
1.0,hi_only,hinglish,test,0.18154179253735267,0.0
0.0,all,en,dev,0.2489083270225946,0.0
0.0,hi_only,en,dev,0.0,0.0
0.1,all,en,dev,0.33013764944712026,1.0
0.1,hi_only,en,dev,0.0,0.0
0.2,all,en,dev,0.33013764944712026,1.0
0.2,hi_only,en,dev,0.0,0.0
0.3,all,en,dev,0.33013764944712026,1.0
0.3,hi_only,en,dev,0.0,0.0
0.4,all,en,dev,0.33013764944712026,1.0
0.4,hi_only,en,dev,0.0,0.0
0.5,all,en,dev,0.42520843362602373,1.0
0.5,hi_only,en,dev,0.09109240322345806,0.0
0.6,all,en,dev,0.5009732673492616,1.0
0.6,hi_only,en,dev,0.10778915452451093,0.0
0.7,all,en,dev,0.5231737964779628,1.0
0.7,hi_only,en,dev,0.13032376591037062,0.0
0.8,all,en,dev,0.5473983622993502,1.0
0.8,hi_only,en,dev,0.15130120674940672,0.0
0.82,all,en,dev,0.5473983622993502,1.0
0.82,hi_only,en,dev,0.15130120674940672,0.0
0.84,all,en,dev,0.5541432109622958,1.0
0.84,hi_only,en,dev,0.15130120674940672,0.0
0.86,all,en,dev,0.5541432109622958,1.0
0.86,hi_only,en,dev,0.15130120674940672,0.0
0.88,all,en,dev,0.5541432109622958,1.0
0.88,hi_only,en,dev,0.15130120674940672,0.0
0.9,all,en,dev,0.5541432109622958,1.0
0.9,hi_only,en,dev,0.19092086617893467,0.0
0.92,all,en,dev,0.6177639991612475,1.0
0.92,hi_only,en,dev,0.27839258028034286,0.0
0.94,all,en,dev,0.6177639991612475,1.0
0.94,hi_only,en,dev,0.27839258028034286,0.0
0.96,all,en,dev,0.6203974344166848,1.0
0.96,hi_only,en,dev,0.28201326940239274,0.0
0.98,all,en,dev,0.6300426811446146,1.0
0.98,hi_only,en,dev,0.28201326940239274,0.0
1.0,all,en,dev,0.6300426811446146,1.0
1.0,hi_only,en,dev,0.28201326940239274,0.0
0.0,all,hi,dev,0.4447551423209717,1.0
0.0,hi_only,hi,dev,0.6114902967340503,1.0
0.1,all,hi,dev,0.4505655760587972,1.0
0.1,hi_only,hi,dev,0.6194790157221095,1.0
0.2,all,hi,dev,0.44793214080335986,1.0
0.2,hi_only,hi,dev,0.6158583266000596,1.0
0.3,all,hi,dev,0.46001266110046096,1.0
0.3,hi_only,hi,dev,0.6324677375730864,1.0
0.4,all,hi,dev,0.46001266110046096,1.0
0.4,hi_only,hi,dev,0.6324677375730864,1.0
0.5,all,hi,dev,0.46001266110046096,1.0
0.5,hi_only,hi,dev,0.6324677375730864,1.0
0.6,all,hi,dev,0.4920062203073637,1.0
0.6,hi_only,hi,dev,0.6764554268686237,1.0
0.7,all,hi,dev,0.4985723557253838,1.0
0.7,hi_only,hi,dev,0.6854831540674773,1.0
0.8,all,hi,dev,0.501749354207772,1.0
0.8,hi_only,hi,dev,0.6898511839334865,1.0
0.82,all,hi,dev,0.501749354207772,1.0
0.82,hi_only,hi,dev,0.6898511839334865,1.0
0.84,all,hi,dev,0.5582604437617528,1.0
0.84,hi_only,hi,dev,0.6800761159906735,1.0
0.86,all,hi,dev,0.5582604437617528,1.0
0.86,hi_only,hi,dev,0.6800761159906735,1.0
0.88,all,hi,dev,0.5582604437617528,1.0
0.88,hi_only,hi,dev,0.6764554268686237,1.0
0.9,all,hi,dev,0.5582604437617528,1.0
0.9,hi_only,hi,dev,0.6720873970026143,1.0
0.92,all,hi,dev,0.5621931439243354,1.0
0.92,hi_only,hi,dev,0.6720873970026143,1.0
0.94,all,hi,dev,0.5621931439243354,1.0
0.94,hi_only,hi,dev,0.6720873970026143,1.0
0.96,all,hi,dev,0.4985723557253838,1.0
0.96,hi_only,hi,dev,0.5846156829012061,1.0
0.98,all,hi,dev,0.5036067026046991,1.0
0.98,hi_only,hi,dev,0.5846156829012061,1.0
1.0,all,hi,dev,0.5199967979955745,1.0
1.0,hi_only,hi,dev,0.5846156829012061,1.0
0.0,all,hinglish,dev,0.1478294909154526,0.0
0.0,hi_only,hinglish,dev,0.0,0.0
0.1,all,hinglish,dev,0.1478294909154526,0.0
0.1,hi_only,hinglish,dev,0.0,0.0
0.2,all,hinglish,dev,0.21819512777734998,0.0
0.2,hi_only,hinglish,dev,0.0,0.0
0.3,all,hinglish,dev,0.23047380976071707,0.0
0.3,hi_only,hinglish,dev,0.0,0.0
0.4,all,hinglish,dev,0.24573132854020638,0.0
0.4,hi_only,hinglish,dev,0.0,0.0
0.5,all,hinglish,dev,0.24309789328476902,0.0
0.5,hi_only,hinglish,dev,0.0874717141014082,0.0
0.6,all,hinglish,dev,0.25469837558210445,0.0
0.6,hi_only,hinglish,dev,0.09109240322345806,0.0
0.7,all,hinglish,dev,0.34301849170611365,0.0
0.7,hi_only,hinglish,dev,0.10778915452451093,0.0
0.8,all,hinglish,dev,0.46945447024602915,1.0
0.8,hi_only,hinglish,dev,0.11706259313796354,0.0
0.82,all,hinglish,dev,0.46945447024602915,1.0
0.82,hi_only,hinglish,dev,0.11706259313796354,0.0
0.84,all,hinglish,dev,0.46945447024602915,1.0
0.84,hi_only,hinglish,dev,0.11706259313796354,0.0
0.86,all,hinglish,dev,0.4662774717636409,1.0
0.86,hi_only,hinglish,dev,0.11706259313796354,0.0
0.88,all,hinglish,dev,0.45449827622138,1.0
0.88,hi_only,hinglish,dev,0.10086747116627115,0.0
0.9,all,hinglish,dev,0.4448530294934502,1.0
0.9,hi_only,hinglish,dev,0.10086747116627115,0.0
0.92,all,hinglish,dev,0.43810818083050457,1.0
0.92,hi_only,hinglish,dev,0.10086747116627115,0.0
0.94,all,hinglish,dev,0.43810818083050457,1.0
0.94,hi_only,hinglish,dev,0.10086747116627115,0.0
0.96,all,hinglish,dev,0.43810818083050457,1.0
0.96,hi_only,hinglish,dev,0.10086747116627115,0.0
0.98,all,hinglish,dev,0.43810818083050457,1.0
0.98,hi_only,hinglish,dev,0.10086747116627115,0.0
1.0,all,hinglish,dev,0.43810818083050457,1.0
1.0,hi_only,hinglish,dev,0.10086747116627115,0.0
0.0,all,hinglish,dev,0.1478294909154526,0.0
0.0,hi_only,hinglish,dev,0.0,0.0
0.1,all,hinglish,dev,0.14279514403613733,0.0
0.1,hi_only,hinglish,dev,0.0,0.0
0.2,all,hinglish,dev,0.21408371436984167,0.0
0.2,hi_only,hinglish,dev,0.0,0.0
0.3,all,hinglish,dev,0.22082856303278728,0.0
0.3,hi_only,hinglish,dev,0.0,0.0
0.4,all,hinglish,dev,0.23047380976071707,0.0
0.4,hi_only,hinglish,dev,0.0,0.0
0.5,all,hinglish,dev,0.24573132854020638,0.0
0.5,hi_only,hinglish,dev,0.0,0.0
0.6,all,hinglish,dev,0.24966402870278917,0.0
0.6,hi_only,hinglish,dev,0.09109240322345806,0.0
0.7,all,hinglish,dev,0.25469837558210445,0.0
0.7,hi_only,hinglish,dev,0.09109240322345806,0.0
0.8,all,hinglish,dev,0.2742654694553681,0.0
0.8,hi_only,hinglish,dev,0.09546043308946733,0.0
0.82,all,hinglish,dev,0.2742654694553681,0.0
0.82,hi_only,hinglish,dev,0.09546043308946733,0.0
0.84,all,hinglish,dev,0.2742654694553681,0.0
0.84,hi_only,hinglish,dev,0.09546043308946733,0.0
0.86,all,hinglish,dev,0.2710884709729799,0.0
0.86,hi_only,hinglish,dev,0.09109240322345806,0.0
0.88,all,hinglish,dev,0.2742654694553681,0.0
0.88,hi_only,hinglish,dev,0.09546043308946733,0.0
0.9,all,hinglish,dev,0.2742654694553681,0.0
0.9,hi_only,hinglish,dev,0.09546043308946733,0.0
0.92,all,hinglish,dev,0.2710884709729799,0.0
0.92,hi_only,hinglish,dev,0.09109240322345806,0.0
0.94,all,hinglish,dev,0.2710884709729799,0.0
0.94,hi_only,hinglish,dev,0.09109240322345806,0.0
0.96,all,hinglish,dev,0.2742654694553681,0.0
0.96,hi_only,hinglish,dev,0.09546043308946733,0.0
0.98,all,hinglish,dev,0.2742654694553681,0.0
0.98,hi_only,hinglish,dev,0.09546043308946733,0.0
1.0,all,hinglish,dev,0.2742654694553681,0.0
1.0,hi_only,hinglish,dev,0.09546043308946733,0.0
0.0,all,hinglish,dev,0.1478294909154526,0.0
0.0,hi_only,hinglish,dev,0.0,0.0
0.1,all,hinglish,dev,0.15457433957839825,0.0
0.1,hi_only,hinglish,dev,0.0,0.0
0.2,all,hinglish,dev,0.21819512777734998,0.0
0.2,hi_only,hinglish,dev,0.0874717141014082,0.0
0.3,all,hinglish,dev,0.24309789328476902,0.0
0.3,hi_only,hinglish,dev,0.0874717141014082,0.0
0.4,all,hinglish,dev,0.23992089480238082,0.0
0.4,hi_only,hinglish,dev,0.0874717141014082,0.0
0.5,all,hinglish,dev,0.24703059344735182,0.0
0.5,hi_only,hinglish,dev,0.10086747116627115,0.0
0.6,all,hinglish,dev,0.2578753740644926,0.0
0.6,hi_only,hinglish,dev,0.10778915452451093,0.0
0.7,all,hinglish,dev,0.3183191637810562,0.0
0.7,hi_only,hinglish,dev,0.10778915452451093,0.0
0.8,all,hinglish,dev,0.2520649403266671,0.0
0.8,hi_only,hinglish,dev,0.10778915452451093,0.0
0.82,all,hinglish,dev,0.2520649403266671,0.0
0.82,hi_only,hinglish,dev,0.10778915452451093,0.0
0.84,all,hinglish,dev,0.2520649403266671,0.0
0.84,hi_only,hinglish,dev,0.10778915452451093,0.0
0.86,all,hinglish,dev,0.2758471541718663,0.0
0.86,hi_only,hinglish,dev,0.10086747116627115,0.0
0.88,all,hinglish,dev,0.21222636597291458,0.0
0.88,hi_only,hinglish,dev,0.10086747116627115,0.0
0.9,all,hinglish,dev,0.21222636597291458,0.0
0.9,hi_only,hinglish,dev,0.10086747116627115,0.0
0.92,all,hinglish,dev,0.18340980524840012,0.0
0.92,hi_only,hinglish,dev,0.10086747116627115,0.0
0.94,all,hinglish,dev,0.18340980524840012,0.0
0.94,hi_only,hinglish,dev,0.10086747116627115,0.0
0.96,all,hinglish,dev,0.23177307466786254,0.0
0.96,hi_only,hinglish,dev,0.18833918526767932,0.0
0.98,all,hinglish,dev,0.23177307466786254,0.0
0.98,hi_only,hinglish,dev,0.18833918526767932,0.0
1.0,all,hinglish,dev,0.23177307466786254,0.0
1.0,hi_only,hinglish,dev,0.18833918526767932,0.0
0.0,all,hinglish,dev,0.1478294909154526,0.0
0.0,hi_only,hinglish,dev,0.0,0.0
0.1,all,hinglish,dev,0.1478294909154526,0.0
0.1,hi_only,hinglish,dev,0.0,0.0
0.2,all,hinglish,dev,0.21819512777734998,0.0
0.2,hi_only,hinglish,dev,0.0874717141014082,0.0
0.3,all,hinglish,dev,0.2940945979596688,0.0
0.3,hi_only,hinglish,dev,0.09109240322345806,0.0
0.4,all,hinglish,dev,0.3093521167391581,0.0
0.4,hi_only,hinglish,dev,0.09109240322345806,0.0
0.5,all,hinglish,dev,0.3093521167391581,0.0
0.5,hi_only,hinglish,dev,0.09109240322345806,0.0
0.6,all,hinglish,dev,0.24573132854020638,0.0
0.6,hi_only,hinglish,dev,0.09546043308946733,0.0
0.7,all,hinglish,dev,0.2735872697693364,0.0
0.7,hi_only,hinglish,dev,0.11706259313796354,0.0
0.8,all,hinglish,dev,0.38504814933911535,0.0
0.8,hi_only,hinglish,dev,0.13032376591037062,0.0
0.82,all,hinglish,dev,0.3686580539482399,0.0
0.82,hi_only,hinglish,dev,0.11706259313796354,0.0
0.84,all,hinglish,dev,0.3686580539482399,0.0
0.84,hi_only,hinglish,dev,0.11706259313796354,0.0
0.86,all,hinglish,dev,0.3686580539482399,0.0
0.86,hi_only,hinglish,dev,0.11706259313796354,0.0
0.88,all,hinglish,dev,0.3686580539482399,0.0
0.88,hi_only,hinglish,dev,0.11706259313796354,0.0
0.9,all,hinglish,dev,0.3686580539482399,0.0
0.9,hi_only,hinglish,dev,0.11706259313796354,0.0
0.92,all,hinglish,dev,0.3686580539482399,0.0
0.92,hi_only,hinglish,dev,0.11706259313796354,0.0
0.94,all,hinglish,dev,0.30240383049385083,0.0
0.94,hi_only,hinglish,dev,0.11706259313796354,0.0
0.96,all,hinglish,dev,0.30240383049385083,0.0
0.96,hi_only,hinglish,dev,0.11706259313796354,0.0
0.98,all,hinglish,dev,0.36602461869280256,0.0
0.98,hi_only,hinglish,dev,0.11706259313796354,0.0
1.0,all,hinglish,dev,0.36602461869280256,0.0
1.0,hi_only,hinglish,dev,0.11706259313796354,0.0
0.0,all,en,dev,0.15130120674940672,0.0
0.0,hi_only,en,dev,0.0,0.0
0.1,all,en,dev,0.15130120674940672,0.0
0.1,hi_only,en,dev,0.0,0.0
0.2,all,en,dev,0.15130120674940672,0.0
0.2,hi_only,en,dev,0.0,0.0
0.3,all,en,dev,0.11706259313796354,0.0
0.3,hi_only,en,dev,0.0,0.0
0.4,all,en,dev,0.11706259313796354,0.0
0.4,hi_only,en,dev,0.0,0.0
0.5,all,en,dev,0.13032376591037062,0.0
0.5,hi_only,en,dev,0.0,0.0
0.6,all,en,dev,0.13032376591037062,0.0
0.6,hi_only,en,dev,0.0,0.0
0.7,all,en,dev,0.22485174766247445,0.0
0.7,hi_only,en,dev,0.13905617951077562,0.0
0.8,all,en,dev,0.2521686779156779,0.0
0.8,hi_only,en,dev,0.19519002499605084,0.0
0.82,all,en,dev,0.2521686779156779,0.0
0.82,hi_only,en,dev,0.19519002499605084,0.0
0.84,all,en,dev,0.24676163983887406,0.0
0.84,hi_only,en,dev,0.19519002499605084,0.0
0.86,all,en,dev,0.24676163983887406,0.0
0.86,hi_only,en,dev,0.19519002499605084,0.0
0.88,all,en,dev,0.4649454165932682,0.0
0.88,hi_only,en,dev,0.4869696878675221,0.0
0.9,all,en,dev,0.37747370249186,0.0
0.9,hi_only,en,dev,0.4869696878675221,0.0
0.92,all,en,dev,0.38288074056866384,0.0
0.92,hi_only,en,dev,0.49394517682785766,0.0
0.94,all,en,dev,0.38724877043467315,0.0
0.94,hi_only,en,dev,0.49958026644179554,0.0
0.96,all,en,dev,0.5112590391895955,1.0
0.96,hi_only,en,dev,0.6595629128335778,1.0
0.98,all,en,dev,0.5112590391895955,1.0
0.98,hi_only,en,dev,0.6595629128335778,1.0
1.0,all,en,dev,0.5112590391895955,1.0
1.0,hi_only,en,dev,0.6595629128335778,1.0
0.0,all,hi,dev,0.41966500663677697,1.0
0.0,hi_only,hi,dev,0.5413996682199069,1.0
0.1,all,hi,dev,0.4329261794091841,1.0
0.1,hi_only,hi,dev,0.5585075862632192,1.0
0.2,all,hi,dev,0.5413753343496284,1.0
0.2,hi_only,hi,dev,0.6984152163370878,1.0
0.3,all,hi,dev,0.5449960234716782,1.0
0.3,hi_only,hi,dev,0.7030861797445797,1.0
0.4,all,hi,dev,0.5240185826326421,1.0
0.4,hi_only,hi,dev,0.6760236910196463,1.0
0.5,all,hi,dev,0.5337936505754552,1.0
0.5,hi_only,hi,dev,0.6886342695939197,1.0
0.6,all,hi,dev,0.5499887725471476,1.0
0.6,hi_only,hi,dev,0.7095272044910244,1.0
0.7,all,hi,dev,0.5499887725471476,1.0
0.7,hi_only,hi,dev,0.7095272044910244,1.0
0.8,all,hi,dev,0.5499887725471476,1.0
0.8,hi_only,hi,dev,0.7095272044910244,1.0
0.82,all,hi,dev,0.5499887725471476,1.0
0.82,hi_only,hi,dev,0.7095272044910244,1.0
0.84,all,hi,dev,0.5499887725471476,1.0
0.84,hi_only,hi,dev,0.7095272044910244,1.0
0.86,all,hi,dev,0.5499887725471476,1.0
0.86,hi_only,hi,dev,0.7095272044910244,1.0
0.88,all,hi,dev,0.6374604866485558,1.0
0.88,hi_only,hi,dev,0.8223723458399597,1.0
0.9,all,hi,dev,0.6410811757706056,1.0
0.9,hi_only,hi,dev,0.8270433092474515,1.0
0.92,all,hi,dev,0.6410811757706056,1.0
0.92,hi_only,hi,dev,0.8270433092474515,1.0
0.94,all,hi,dev,0.6410811757706056,1.0
0.94,hi_only,hi,dev,0.8270433092474515,1.0
0.96,all,hi,dev,0.6374604866485558,1.0
0.96,hi_only,hi,dev,0.8223723458399597,1.0
0.98,all,hi,dev,0.5499887725471476,1.0
0.98,hi_only,hi,dev,0.7095272044910244,1.0
1.0,all,hi,dev,0.5709662133861837,1.0
1.0,hi_only,hi,dev,0.7365896932159578,1.0
0.0,all,hinglish,dev,0.0,0.0
0.0,hi_only,hinglish,dev,0.0,0.0
0.1,all,hinglish,dev,0.0,0.0
0.1,hi_only,hinglish,dev,0.0,0.0
0.2,all,hinglish,dev,0.0,0.0
0.2,hi_only,hinglish,dev,0.0,0.0
0.3,all,hinglish,dev,0.0,0.0
0.3,hi_only,hinglish,dev,0.0,0.0
0.4,all,hinglish,dev,0.0,0.0
0.4,hi_only,hinglish,dev,0.0,0.0
0.5,all,hinglish,dev,0.0,0.0
0.5,hi_only,hinglish,dev,0.0,0.0
0.6,all,hinglish,dev,0.0,0.0
0.6,hi_only,hinglish,dev,0.0,0.0
0.7,all,hinglish,dev,0.0,0.0
0.7,hi_only,hinglish,dev,0.0,0.0
0.8,all,hinglish,dev,0.10778915452451093,0.0
0.8,hi_only,hinglish,dev,0.13905617951077562,0.0
0.82,all,hinglish,dev,0.11706259313796354,0.0
0.82,hi_only,hinglish,dev,0.15101961822780524,0.0
0.84,all,hinglish,dev,0.11706259313796354,0.0
0.84,hi_only,hinglish,dev,0.15101961822780524,0.0
0.86,all,hinglish,dev,0.19092086617893467,0.0
0.86,hi_only,hinglish,dev,0.24630238874073,0.0
0.88,all,hinglish,dev,0.19092086617893467,0.0
0.88,hi_only,hinglish,dev,0.24630238874073,0.0
0.9,all,hinglish,dev,0.19092086617893467,0.0
0.9,hi_only,hinglish,dev,0.24630238874073,0.0
0.92,all,hinglish,dev,0.19092086617893467,0.0
0.92,hi_only,hinglish,dev,0.24630238874073,0.0
0.94,all,hinglish,dev,0.19092086617893467,0.0
0.94,hi_only,hinglish,dev,0.24630238874073,0.0
0.96,all,hinglish,dev,0.19092086617893467,0.0
0.96,hi_only,hinglish,dev,0.24630238874073,0.0
0.98,all,hinglish,dev,0.19092086617893467,0.0
0.98,hi_only,hinglish,dev,0.24630238874073,0.0
1.0,all,hinglish,dev,0.19092086617893467,0.0
1.0,hi_only,hinglish,dev,0.24630238874073,0.0
0.0,all,hinglish,dev,0.0,0.0
0.0,hi_only,hinglish,dev,0.0,0.0
0.1,all,hinglish,dev,0.0,0.0
0.1,hi_only,hinglish,dev,0.0,0.0
0.2,all,hinglish,dev,0.0,0.0
0.2,hi_only,hinglish,dev,0.0,0.0
0.3,all,hinglish,dev,0.0,0.0
0.3,hi_only,hinglish,dev,0.0,0.0
0.4,all,hinglish,dev,0.0,0.0
0.4,hi_only,hinglish,dev,0.0,0.0
0.5,all,hinglish,dev,0.0,0.0
0.5,hi_only,hinglish,dev,0.0,0.0
0.6,all,hinglish,dev,0.0,0.0
0.6,hi_only,hinglish,dev,0.0,0.0
0.7,all,hinglish,dev,0.0,0.0
0.7,hi_only,hinglish,dev,0.0,0.0
0.8,all,hinglish,dev,0.11706259313796354,0.0
0.8,hi_only,hinglish,dev,0.15101961822780524,0.0
0.82,all,hinglish,dev,0.11706259313796354,0.0
0.82,hi_only,hinglish,dev,0.15101961822780524,0.0
0.84,all,hinglish,dev,0.11706259313796354,0.0
0.84,hi_only,hinglish,dev,0.15101961822780524,0.0
0.86,all,hinglish,dev,0.13032376591037062,0.0
0.86,hi_only,hinglish,dev,0.16812753627111746,0.0
0.88,all,hinglish,dev,0.13032376591037062,0.0
0.88,hi_only,hinglish,dev,0.16812753627111746,0.0
0.9,all,hinglish,dev,0.15130120674940672,0.0
0.9,hi_only,hinglish,dev,0.19519002499605084,0.0
0.92,all,hinglish,dev,0.19092086617893467,0.0
0.92,hi_only,hinglish,dev,0.24630238874073,0.0
0.94,all,hinglish,dev,0.27839258028034286,0.0
0.94,hi_only,hinglish,dev,0.35914753008966527,0.0
0.96,all,hinglish,dev,0.27839258028034286,0.0
0.96,hi_only,hinglish,dev,0.35914753008966527,0.0
0.98,all,hinglish,dev,0.27839258028034286,0.0
0.98,hi_only,hinglish,dev,0.35914753008966527,0.0
1.0,all,hinglish,dev,0.28201326940239274,0.0
1.0,hi_only,hinglish,dev,0.3638184934971571,0.0
0.0,all,hinglish,dev,0.0,0.0
0.0,hi_only,hinglish,dev,0.0,0.0
0.1,all,hinglish,dev,0.0,0.0
0.1,hi_only,hinglish,dev,0.0,0.0
0.2,all,hinglish,dev,0.0,0.0
0.2,hi_only,hinglish,dev,0.0,0.0
0.3,all,hinglish,dev,0.0,0.0
0.3,hi_only,hinglish,dev,0.0,0.0
0.4,all,hinglish,dev,0.0,0.0
0.4,hi_only,hinglish,dev,0.0,0.0
0.5,all,hinglish,dev,0.0,0.0
0.5,hi_only,hinglish,dev,0.0,0.0
0.6,all,hinglish,dev,0.0,0.0
0.6,hi_only,hinglish,dev,0.0,0.0
0.7,all,hinglish,dev,0.0,0.0
0.7,hi_only,hinglish,dev,0.0,0.0
0.8,all,hinglish,dev,0.09109240322345806,0.0
0.8,hi_only,hinglish,dev,0.11751610475642714,0.0
0.82,all,hinglish,dev,0.09109240322345806,0.0
0.82,hi_only,hinglish,dev,0.11751610475642714,0.0
0.84,all,hinglish,dev,0.10086747116627115,0.0
0.84,hi_only,hinglish,dev,0.13012668333070054,0.0
0.86,all,hinglish,dev,0.10086747116627115,0.0
0.86,hi_only,hinglish,dev,0.13012668333070054,0.0
0.88,all,hinglish,dev,0.10778915452451093,0.0
0.88,hi_only,hinglish,dev,0.13905617951077562,0.0
0.9,all,hinglish,dev,0.13032376591037062,0.0
0.9,hi_only,hinglish,dev,0.16812753627111746,0.0
0.92,all,hinglish,dev,0.13032376591037062,0.0
0.92,hi_only,hinglish,dev,0.16812753627111746,0.0
0.94,all,hinglish,dev,0.13032376591037062,0.0
0.94,hi_only,hinglish,dev,0.16812753627111746,0.0
0.96,all,hinglish,dev,0.15130120674940672,0.0
0.96,hi_only,hinglish,dev,0.19519002499605084,0.0
0.98,all,hinglish,dev,0.15130120674940672,0.0
0.98,hi_only,hinglish,dev,0.19519002499605084,0.0
1.0,all,hinglish,dev,0.15130120674940672,0.0
1.0,hi_only,hinglish,dev,0.19519002499605084,0.0
0.0,all,hinglish,dev,0.0,0.0
0.0,hi_only,hinglish,dev,0.0,0.0
0.1,all,hinglish,dev,0.0,0.0
0.1,hi_only,hinglish,dev,0.0,0.0
0.2,all,hinglish,dev,0.0,0.0
0.2,hi_only,hinglish,dev,0.0,0.0
0.3,all,hinglish,dev,0.0,0.0
0.3,hi_only,hinglish,dev,0.0,0.0
0.4,all,hinglish,dev,0.0,0.0
0.4,hi_only,hinglish,dev,0.0,0.0
0.5,all,hinglish,dev,0.0,0.0
0.5,hi_only,hinglish,dev,0.0,0.0
0.6,all,hinglish,dev,0.0,0.0
0.6,hi_only,hinglish,dev,0.0,0.0
0.7,all,hinglish,dev,0.09109240322345806,0.0
0.7,hi_only,hinglish,dev,0.11751610475642714,0.0
0.8,all,hinglish,dev,0.13032376591037062,0.0
0.8,hi_only,hinglish,dev,0.16812753627111746,0.0
0.82,all,hinglish,dev,0.15130120674940672,0.0
0.82,hi_only,hinglish,dev,0.19519002499605084,0.0
0.84,all,hinglish,dev,0.19092086617893467,0.0
0.84,hi_only,hinglish,dev,0.24630238874073,0.0
0.86,all,hinglish,dev,0.19092086617893467,0.0
0.86,hi_only,hinglish,dev,0.24630238874073,0.0
0.88,all,hinglish,dev,0.19092086617893467,0.0
0.88,hi_only,hinglish,dev,0.24630238874073,0.0
0.9,all,hinglish,dev,0.19092086617893467,0.0
0.9,hi_only,hinglish,dev,0.24630238874073,0.0
0.92,all,hinglish,dev,0.19092086617893467,0.0
0.92,hi_only,hinglish,dev,0.24630238874073,0.0
0.94,all,hinglish,dev,0.19092086617893467,0.0
0.94,hi_only,hinglish,dev,0.24630238874073,0.0
0.96,all,hinglish,dev,0.19092086617893467,0.0
0.96,hi_only,hinglish,dev,0.24630238874073,0.0
0.98,all,hinglish,dev,0.19092086617893467,0.0
0.98,hi_only,hinglish,dev,0.24630238874073,0.0
1.0,all,hinglish,dev,0.19092086617893467,0.0
1.0,hi_only,hinglish,dev,0.24630238874073,0.0
0.0,all,en,dev,0.5307212739772434,0.0
0.0,hi_only,en,dev,0.0,0.0
0.1,all,en,dev,0.5307212739772434,0.0
0.1,hi_only,en,dev,0.0,0.0
0.2,all,en,dev,0.7039180890341347,1.0
0.2,hi_only,en,dev,0.0,0.0
0.3,all,en,dev,0.7653606369886217,1.0
0.3,hi_only,en,dev,0.0,0.0
0.4,all,en,dev,0.7653606369886217,1.0
0.4,hi_only,en,dev,0.0,0.0
0.5,all,en,dev,0.7653606369886217,1.0
0.5,hi_only,en,dev,0.0,0.0
0.6,all,en,dev,0.9217868789962071,1.0
0.6,hi_only,en,dev,0.3333333333333333,0.0
0.7,all,en,dev,0.9674679834891693,1.0
0.7,hi_only,en,dev,0.43067655807339306,0.0
0.8,all,en,dev,1.0,1.0
0.8,hi_only,en,dev,0.5,0.0
0.82,all,en,dev,1.0,1.0
0.82,hi_only,en,dev,0.5,0.0
0.84,all,en,dev,1.0,1.0
0.84,hi_only,en,dev,0.5,0.0
0.86,all,en,dev,1.0,1.0
0.86,hi_only,en,dev,0.5,0.0
0.88,all,en,dev,1.0,1.0
0.88,hi_only,en,dev,0.5,0.0
0.9,all,en,dev,1.0,1.0
0.9,hi_only,en,dev,0.5,0.0
0.92,all,en,dev,1.0,1.0
0.92,hi_only,en,dev,0.5,0.0
0.94,all,en,dev,1.0,1.0
0.94,hi_only,en,dev,0.5,0.0
0.96,all,en,dev,1.0,1.0
0.96,hi_only,en,dev,0.5,0.0
0.98,all,en,dev,1.0,1.0
0.98,hi_only,en,dev,0.5,0.0
1.0,all,en,dev,1.0,1.0
1.0,hi_only,en,dev,0.5,0.0
0.0,all,hi,dev,0.46927872602275644,1.0
0.0,hi_only,hi,dev,1.0,1.0
0.1,all,hi,dev,0.46927872602275644,1.0
0.1,hi_only,hi,dev,1.0,1.0
0.2,all,hi,dev,0.46927872602275644,1.0
0.2,hi_only,hi,dev,1.0,1.0
0.3,all,hi,dev,0.46927872602275644,1.0
0.3,hi_only,hi,dev,1.0,1.0
0.4,all,hi,dev,0.46927872602275644,1.0
0.4,hi_only,hi,dev,1.0,1.0
0.5,all,hi,dev,0.46927872602275644,1.0
0.5,hi_only,hi,dev,1.0,1.0
0.6,all,hi,dev,0.46927872602275644,1.0
0.6,hi_only,hi,dev,1.0,1.0
0.7,all,hi,dev,0.6105456988825855,1.0
0.7,hi_only,hi,dev,1.0,1.0
0.8,all,hi,dev,0.7461976723150332,1.0
0.8,hi_only,hi,dev,1.0,1.0
0.82,all,hi,dev,0.7529716549381369,1.0
0.82,hi_only,hi,dev,1.0,1.0
0.84,all,hi,dev,0.7777061538487877,1.0
0.84,hi_only,hi,dev,1.0,1.0
0.86,all,hi,dev,0.8072467605676945,1.0
0.86,hi_only,hi,dev,1.0,1.0
0.88,all,hi,dev,0.8179809735263114,1.0
0.88,hi_only,hi,dev,1.0,1.0
0.9,all,hi,dev,0.8385465274895063,1.0
0.9,hi_only,hi,dev,1.0,1.0
0.92,all,hi,dev,0.8529278650606567,1.0
0.92,hi_only,hi,dev,1.0,1.0
0.94,all,hi,dev,0.8529278650606567,1.0
0.94,hi_only,hi,dev,1.0,1.0
0.96,all,hi,dev,0.8529278650606567,1.0
0.96,hi_only,hi,dev,1.0,1.0
0.98,all,hi,dev,0.8854598815714874,1.0
0.98,hi_only,hi,dev,1.0,1.0
1.0,all,hi,dev,0.9060254355346823,1.0
1.0,hi_only,hi,dev,1.0,1.0
0.0,all,hinglish,dev,0.2920782154400332,0.0
0.0,hi_only,hinglish,dev,0.0,0.0
0.1,all,hinglish,dev,0.3084274278260313,0.0
0.1,hi_only,hinglish,dev,0.0,0.0
0.2,all,hinglish,dev,0.3152014104491349,0.0
0.2,hi_only,hinglish,dev,0.0,0.0
0.3,all,hinglish,dev,0.39106560501896365,0.0
0.3,hi_only,hinglish,dev,0.0,0.0
0.4,all,hinglish,dev,0.49818925746641285,0.0
0.4,hi_only,hinglish,dev,0.0,0.0
0.5,all,hinglish,dev,0.6713860725233041,1.0
0.5,hi_only,hinglish,dev,0.0,0.0
0.6,all,hinglish,dev,0.7653606369886217,1.0
0.6,hi_only,hinglish,dev,0.0,0.0
0.7,all,hinglish,dev,0.9066276098484507,1.0
0.7,hi_only,hinglish,dev,0.3010299956639812,0.0
0.8,all,hinglish,dev,0.9325210919548239,1.0
0.8,hi_only,hinglish,dev,0.3562071871080222,0.0
0.82,all,hinglish,dev,0.9325210919548239,1.0
0.82,hi_only,hinglish,dev,0.3562071871080222,0.0
0.84,all,hinglish,dev,0.9325210919548239,1.0
0.84,hi_only,hinglish,dev,0.3562071871080222,0.0
0.86,all,hinglish,dev,0.9325210919548239,1.0
0.86,hi_only,hinglish,dev,0.3562071871080222,0.0
0.88,all,hinglish,dev,0.9325210919548239,1.0
0.88,hi_only,hinglish,dev,0.3562071871080222,0.0
0.9,all,hinglish,dev,0.9469024295259745,1.0
0.9,hi_only,hinglish,dev,0.38685280723454163,0.0
0.92,all,hinglish,dev,0.9469024295259745,1.0
0.92,hi_only,hinglish,dev,0.38685280723454163,0.0
0.94,all,hinglish,dev,0.9325210919548239,1.0
0.94,hi_only,hinglish,dev,0.3562071871080222,0.0
0.96,all,hinglish,dev,0.9325210919548239,1.0
0.96,hi_only,hinglish,dev,0.3562071871080222,0.0
0.98,all,hinglish,dev,0.9325210919548239,1.0
0.98,hi_only,hinglish,dev,0.3562071871080222,0.0
1.0,all,hinglish,dev,0.9325210919548239,1.0
1.0,hi_only,hinglish,dev,0.3562071871080222,0.0
0.0,all,hinglish,dev,0.2920782154400332,0.0
0.0,hi_only,hinglish,dev,0.0,0.0
0.1,all,hinglish,dev,0.3084274278260313,0.0
0.1,hi_only,hinglish,dev,0.0,0.0
0.2,all,hinglish,dev,0.3152014104491349,0.0
0.2,hi_only,hinglish,dev,0.0,0.0
0.3,all,hinglish,dev,0.3501483019834802,0.0
0.3,hi_only,hinglish,dev,0.0,0.0
0.4,all,hinglish,dev,0.4632423659320675,0.0
0.4,hi_only,hinglish,dev,0.0,0.0
0.5,all,hinglish,dev,0.6508205185601091,1.0
0.5,hi_only,hinglish,dev,0.0,0.0
0.6,all,hinglish,dev,0.812653045383133,1.0
0.6,hi_only,hinglish,dev,0.3010299956639812,0.0
0.7,all,hinglish,dev,0.86034433104172,1.0
0.7,hi_only,hinglish,dev,0.3333333333333333,0.0
0.8,all,hinglish,dev,0.8854598815714874,1.0
0.8,hi_only,hinglish,dev,0.38685280723454163,0.0
0.82,all,hinglish,dev,0.8854598815714874,1.0
0.82,hi_only,hinglish,dev,0.38685280723454163,0.0
0.84,all,hinglish,dev,0.8854598815714874,1.0
0.84,hi_only,hinglish,dev,0.38685280723454163,0.0
0.86,all,hinglish,dev,0.9060254355346823,1.0
0.86,hi_only,hinglish,dev,0.43067655807339306,0.0
0.88,all,hinglish,dev,0.9060254355346823,1.0
0.88,hi_only,hinglish,dev,0.43067655807339306,0.0
0.9,all,hinglish,dev,0.9060254355346823,1.0
0.9,hi_only,hinglish,dev,0.43067655807339306,0.0
0.92,all,hinglish,dev,0.9060254355346823,1.0
0.92,hi_only,hinglish,dev,0.43067655807339306,0.0
0.94,all,hinglish,dev,0.9060254355346823,1.0
0.94,hi_only,hinglish,dev,0.43067655807339306,0.0
0.96,all,hinglish,dev,0.9060254355346823,1.0
0.96,hi_only,hinglish,dev,0.5,0.0
0.98,all,hinglish,dev,0.9674679834891693,1.0
0.98,hi_only,hinglish,dev,0.6309297535714575,0.0
1.0,all,hinglish,dev,0.9674679834891693,1.0
1.0,hi_only,hinglish,dev,0.6309297535714575,0.0
0.0,all,hinglish,dev,0.2920782154400332,0.0
0.0,hi_only,hinglish,dev,0.0,0.0
0.1,all,hinglish,dev,0.3084274278260313,0.0
0.1,hi_only,hinglish,dev,0.0,0.0
0.2,all,hinglish,dev,0.3152014104491349,0.0
0.2,hi_only,hinglish,dev,0.0,0.0
0.3,all,hinglish,dev,0.38268031849431083,0.0
0.3,hi_only,hinglish,dev,0.0,0.0
0.4,all,hinglish,dev,0.49818925746641285,0.0
0.4,hi_only,hinglish,dev,0.0,0.0
0.5,all,hinglish,dev,0.6713860725233041,1.0
0.5,hi_only,hinglish,dev,0.0,0.0
0.6,all,hinglish,dev,0.8395700624665824,1.0
0.6,hi_only,hinglish,dev,0.2890648263178879,0.0
0.7,all,hinglish,dev,0.8854598815714874,1.0
0.7,hi_only,hinglish,dev,0.38685280723454163,0.0
0.8,all,hinglish,dev,0.9060254355346823,1.0
0.8,hi_only,hinglish,dev,0.43067655807339306,0.0
0.82,all,hinglish,dev,0.9060254355346823,1.0
0.82,hi_only,hinglish,dev,0.43067655807339306,0.0
0.84,all,hinglish,dev,0.9060254355346823,1.0
0.84,hi_only,hinglish,dev,0.43067655807339306,0.0
0.86,all,hinglish,dev,0.9060254355346823,1.0
0.86,hi_only,hinglish,dev,0.43067655807339306,0.0
0.88,all,hinglish,dev,0.9060254355346823,1.0
0.88,hi_only,hinglish,dev,0.43067655807339306,0.0
0.9,all,hinglish,dev,0.9060254355346823,1.0
0.9,hi_only,hinglish,dev,0.43067655807339306,0.0
0.92,all,hinglish,dev,0.9060254355346823,1.0
0.92,hi_only,hinglish,dev,0.43067655807339306,0.0
0.94,all,hinglish,dev,0.9060254355346823,1.0
0.94,hi_only,hinglish,dev,0.5,0.0
0.96,all,hinglish,dev,0.9674679834891693,1.0
0.96,hi_only,hinglish,dev,0.6309297535714575,0.0
0.98,all,hinglish,dev,0.9674679834891693,1.0
0.98,hi_only,hinglish,dev,0.6309297535714575,0.0
1.0,all,hinglish,dev,0.9469024295259745,1.0
1.0,hi_only,hinglish,dev,0.6309297535714575,0.0
0.0,all,hinglish,dev,0.2920782154400332,0.0
0.0,hi_only,hinglish,dev,0.0,0.0
0.1,all,hinglish,dev,0.3084274278260313,0.0
0.1,hi_only,hinglish,dev,0.0,0.0
0.2,all,hinglish,dev,0.3152014104491349,0.0
0.2,hi_only,hinglish,dev,0.0,0.0
0.3,all,hinglish,dev,0.6257049680303419,1.0
0.3,hi_only,hinglish,dev,0.0,0.0
0.4,all,hinglish,dev,0.6508205185601091,1.0
0.4,hi_only,hinglish,dev,0.0,0.0
0.5,all,hinglish,dev,0.7653606369886217,1.0
0.5,hi_only,hinglish,dev,0.0,0.0
0.6,all,hinglish,dev,0.7653606369886217,1.0
0.6,hi_only,hinglish,dev,0.0,0.0
0.7,all,hinglish,dev,0.9217868789962071,1.0
0.7,hi_only,hinglish,dev,0.3333333333333333,0.0
0.8,all,hinglish,dev,0.9469024295259745,1.0
0.8,hi_only,hinglish,dev,0.38685280723454163,0.0
0.82,all,hinglish,dev,0.9469024295259745,1.0
0.82,hi_only,hinglish,dev,0.38685280723454163,0.0
0.84,all,hinglish,dev,0.9469024295259745,1.0
0.84,hi_only,hinglish,dev,0.38685280723454163,0.0
0.86,all,hinglish,dev,0.9469024295259745,1.0
0.86,hi_only,hinglish,dev,0.38685280723454163,0.0
0.88,all,hinglish,dev,0.8854598815714874,1.0
0.88,hi_only,hinglish,dev,0.38685280723454163,0.0
0.9,all,hinglish,dev,0.9060254355346823,1.0
0.9,hi_only,hinglish,dev,0.43067655807339306,0.0
0.92,all,hinglish,dev,0.9060254355346823,1.0
0.92,hi_only,hinglish,dev,0.43067655807339306,0.0
0.94,all,hinglish,dev,0.9060254355346823,1.0
0.94,hi_only,hinglish,dev,0.43067655807339306,0.0
0.96,all,hinglish,dev,0.9060254355346823,1.0
0.96,hi_only,hinglish,dev,0.5,0.0
0.98,all,hinglish,dev,0.9060254355346823,1.0
0.98,hi_only,hinglish,dev,0.5,0.0
1.0,all,hinglish,dev,0.9060254355346823,1.0
1.0,hi_only,hinglish,dev,0.5,0.0
0.0,all,en,test,0.21398626473452756,0.0
0.0,hi_only,en,test,0.0,0.0
0.1,all,en,test,0.3391602052736161,1.0
0.1,hi_only,en,test,0.0,0.0
0.2,all,en,test,0.3391602052736161,1.0
0.2,hi_only,en,test,0.0,0.0
0.3,all,en,test,0.4371994911049732,1.0
0.3,hi_only,en,test,0.11284514134893527,0.0
0.4,all,en,test,0.44615333764087994,1.0
0.4,hi_only,en,test,0.123151194370365,0.0
0.5,all,en,test,0.45221360703148816,1.0
0.5,hi_only,en,test,0.13012668333070054,0.0
0.6,all,en,test,0.4599715079731103,1.0
0.6,hi_only,en,test,0.13905617951077562,0.0
0.7,all,en,test,0.5580107938044674,1.0
0.7,hi_only,en,test,0.25190132085971084,0.0
0.8,all,en,test,0.615733440277688,1.0
0.8,hi_only,en,test,0.31834121936641585,0.0
0.82,all,en,test,0.615733440277688,1.0
0.82,hi_only,en,test,0.31834121936641585,0.0
0.84,all,en,test,0.615733440277688,1.0
0.84,hi_only,en,test,0.31834121936641585,0.0
0.86,all,en,test,0.615733440277688,1.0
0.86,hi_only,en,test,0.31834121936641585,0.0
0.88,all,en,test,0.7719970585389948,1.0
0.88,hi_only,en,test,0.49820370960044086,0.0
0.9,all,en,test,0.7823908333518426,1.0
0.9,hi_only,en,test,0.5101671483174705,0.0
0.92,all,en,test,0.7864489426433972,1.0
0.92,hi_only,en,test,0.5148381117249624,0.0
0.94,all,en,test,0.7864489426433972,1.0
0.94,hi_only,en,test,0.5148381117249624,0.0
0.96,all,en,test,0.8013122149737618,1.0
0.96,hi_only,en,test,0.5319460297682747,0.0
0.98,all,en,test,0.8248239677678635,1.0
0.98,hi_only,en,test,0.559008518493208,0.0
1.0,all,en,test,0.8248239677678635,1.0
1.0,hi_only,en,test,0.559008518493208,0.0
0.0,all,hi,test,0.6739577727076379,1.0
0.0,hi_only,hi,test,0.7757386182436072,1.0
0.1,all,hi,test,0.6739577727076379,1.0
0.1,hi_only,hi,test,0.7757386182436072,1.0
0.2,all,hi,test,0.7719970585389948,1.0
0.2,hi_only,hi,test,0.8885837595925424,1.0
0.3,all,hi,test,0.8013122149737618,1.0
0.3,hi_only,hi,test,0.9223260797603763,1.0
0.4,all,hi,test,0.8013122149737618,1.0
0.4,hi_only,hi,test,0.9223260797603763,1.0
0.5,all,hi,test,0.8357799744028239,1.0
0.5,hi_only,hi,test,0.9619991470595832,1.0
0.6,all,hi,test,0.8357799744028239,1.0
0.6,hi_only,hi,test,0.9619991470595832,1.0
0.7,all,hi,test,0.843537875344446,1.0
0.7,hi_only,hi,test,0.9709286432396583,1.0
0.8,all,hi,test,0.9560290452802053,1.0
0.8,hi_only,hi,test,0.9828920819566879,1.0
0.82,all,hi,test,0.975788054854922,1.0
0.82,hi_only,hi,test,1.0,1.0
0.84,all,hi,test,0.9818483242455303,1.0
0.84,hi_only,hi,test,1.0,1.0
0.86,all,hi,test,0.9896062251871525,1.0
0.86,hi_only,hi,test,1.0,1.0
0.88,all,hi,test,0.9896062251871525,1.0
0.88,hi_only,hi,test,1.0,1.0
0.9,all,hi,test,1.0,1.0
0.9,hi_only,hi,test,1.0,1.0
0.92,all,hi,test,1.0,1.0
0.92,hi_only,hi,test,1.0,1.0
0.94,all,hi,test,1.0,1.0
0.94,hi_only,hi,test,0.9828920819566879,1.0
0.96,all,hi,test,1.0,1.0
0.96,hi_only,hi,test,0.9828920819566879,1.0
0.98,all,hi,test,1.0,1.0
0.98,hi_only,hi,test,0.9828920819566879,1.0
1.0,all,hi,test,1.0,1.0
1.0,hi_only,hi,test,0.9828920819566879,1.0
0.0,all,hinglish,test,0.21398626473452756,0.0
0.0,hi_only,hinglish,test,0.0,0.0
0.1,all,hinglish,test,0.21398626473452756,0.0
0.1,hi_only,hinglish,test,0.0,0.0
0.2,all,hinglish,test,0.3391602052736161,1.0
0.2,hi_only,hinglish,test,0.0,0.0
0.3,all,hinglish,test,0.3391602052736161,1.0
0.3,hi_only,hinglish,test,0.0,0.0
0.4,all,hinglish,test,0.4371994911049732,1.0
0.4,hi_only,hinglish,test,0.11284514134893527,0.0
0.5,all,hinglish,test,0.44615333764087994,1.0
0.5,hi_only,hinglish,test,0.123151194370365,0.0
0.6,all,hinglish,test,0.45221360703148816,1.0
0.6,hi_only,hinglish,test,0.13012668333070054,0.0
0.7,all,hinglish,test,0.4599715079731103,1.0
0.7,hi_only,hinglish,test,0.13905617951077562,0.0
0.8,all,hinglish,test,0.5087403079104241,1.0
0.8,hi_only,hinglish,test,0.19519002499605084,0.0
0.82,all,hinglish,test,0.5087403079104241,1.0
0.82,hi_only,hinglish,test,0.19519002499605084,0.0
0.84,all,hinglish,test,0.5087403079104241,1.0
0.84,hi_only,hinglish,test,0.19519002499605084,0.0
0.86,all,hinglish,test,0.6067795937417813,1.0
0.86,hi_only,hinglish,test,0.3080351663449861,0.0
0.88,all,hinglish,test,0.6067795937417813,1.0
0.88,hi_only,hinglish,test,0.3080351663449861,0.0
0.9,all,hinglish,test,0.6067795937417813,1.0
0.9,hi_only,hinglish,test,0.3080351663449861,0.0
0.92,all,hinglish,test,0.6108377030333358,1.0
0.92,hi_only,hinglish,test,0.312706129752478,0.0
0.94,all,hinglish,test,0.6108377030333358,1.0
0.94,hi_only,hinglish,test,0.312706129752478,0.0
0.96,all,hinglish,test,0.615733440277688,1.0
0.96,hi_only,hinglish,test,0.31834121936641585,0.0
0.98,all,hinglish,test,0.615733440277688,1.0
0.98,hi_only,hinglish,test,0.31834121936641585,0.0
1.0,all,hinglish,test,0.6217937096682962,1.0
1.0,hi_only,hinglish,test,0.32531670832675136,0.0
0.0,all,hinglish,test,0.21398626473452756,0.0
0.0,hi_only,hinglish,test,0.0,0.0
0.1,all,hinglish,test,0.21398626473452756,0.0
0.1,hi_only,hinglish,test,0.0,0.0
0.2,all,hinglish,test,0.3391602052736161,1.0
0.2,hi_only,hinglish,test,0.0,0.0
0.3,all,hinglish,test,0.3391602052736161,1.0
0.3,hi_only,hinglish,test,0.0,0.0
0.4,all,hinglish,test,0.3391602052736161,1.0
0.4,hi_only,hinglish,test,0.0,0.0
0.5,all,hinglish,test,0.4371994911049732,1.0
0.5,hi_only,hinglish,test,0.11284514134893527,0.0
0.6,all,hinglish,test,0.4412576003965278,1.0
0.6,hi_only,hinglish,test,0.11751610475642714,0.0
0.7,all,hinglish,test,0.4599715079731103,1.0
0.7,hi_only,hinglish,test,0.13905617951077562,0.0
0.8,all,hinglish,test,0.4599715079731103,1.0
0.8,hi_only,hinglish,test,0.13905617951077562,0.0
0.82,all,hinglish,test,0.4599715079731103,1.0
0.82,hi_only,hinglish,test,0.13905617951077562,0.0
0.84,all,hinglish,test,0.4599715079731103,1.0
0.84,hi_only,hinglish,test,0.13905617951077562,0.0
0.86,all,hinglish,test,0.4599715079731103,1.0
0.86,hi_only,hinglish,test,0.13905617951077562,0.0
0.88,all,hinglish,test,0.4599715079731103,1.0
0.88,hi_only,hinglish,test,0.13905617951077562,0.0
0.9,all,hinglish,test,0.4599715079731103,1.0
0.9,hi_only,hinglish,test,0.13905617951077562,0.0
0.92,all,hinglish,test,0.4599715079731103,1.0
0.92,hi_only,hinglish,test,0.13905617951077562,0.0
0.94,all,hinglish,test,0.5684045686173149,1.0
0.94,hi_only,hinglish,test,0.2638647595767405,0.0
0.96,all,hinglish,test,0.5724626779088695,1.0
0.96,hi_only,hinglish,test,0.2685357229842324,0.0
0.98,all,hinglish,test,0.5773584151532217,1.0
0.98,hi_only,hinglish,test,0.2741708125981702,0.0
1.0,all,hinglish,test,0.5922216874835863,1.0
1.0,hi_only,hinglish,test,0.29127873064148246,0.0
0.0,all,hinglish,test,0.21398626473452756,0.0
0.0,hi_only,hinglish,test,0.0,0.0
0.1,all,hinglish,test,0.21398626473452756,0.0
0.1,hi_only,hinglish,test,0.0,0.0
0.2,all,hinglish,test,0.3391602052736161,1.0
0.2,hi_only,hinglish,test,0.0,0.0
0.3,all,hinglish,test,0.3391602052736161,1.0
0.3,hi_only,hinglish,test,0.0,0.0
0.4,all,hinglish,test,0.4371994911049732,1.0
0.4,hi_only,hinglish,test,0.11284514134893527,0.0
0.5,all,hinglish,test,0.44615333764087994,1.0
0.5,hi_only,hinglish,test,0.123151194370365,0.0
0.6,all,hinglish,test,0.45221360703148816,1.0
0.6,hi_only,hinglish,test,0.13012668333070054,0.0
0.7,all,hinglish,test,0.4599715079731103,1.0
0.7,hi_only,hinglish,test,0.13905617951077562,0.0
0.8,all,hinglish,test,0.5087403079104241,1.0
0.8,hi_only,hinglish,test,0.19519002499605084,0.0
0.82,all,hinglish,test,0.5087403079104241,1.0
0.82,hi_only,hinglish,test,0.19519002499605084,0.0
0.84,all,hinglish,test,0.5087403079104241,1.0
0.84,hi_only,hinglish,test,0.19519002499605084,0.0
0.86,all,hinglish,test,0.5087403079104241,1.0
0.86,hi_only,hinglish,test,0.19519002499605084,0.0
0.88,all,hinglish,test,0.5087403079104241,1.0
0.88,hi_only,hinglish,test,0.19519002499605084,0.0
0.9,all,hinglish,test,0.5087403079104241,1.0
0.9,hi_only,hinglish,test,0.19519002499605084,0.0
0.92,all,hinglish,test,0.48522855511632257,1.0
0.92,hi_only,hinglish,test,0.16812753627111746,0.0
0.94,all,hinglish,test,0.48522855511632257,1.0
0.94,hi_only,hinglish,test,0.16812753627111746,0.0
0.96,all,hinglish,test,0.48522855511632257,1.0
0.96,hi_only,hinglish,test,0.16812753627111746,0.0
0.98,all,hinglish,test,0.48522855511632257,1.0
0.98,hi_only,hinglish,test,0.16812753627111746,0.0
1.0,all,hinglish,test,0.5832678409476796,1.0
1.0,hi_only,hinglish,test,0.28097267762005274,0.0
0.0,all,hinglish,test,0.21398626473452756,0.0
0.0,hi_only,hinglish,test,0.0,0.0
0.1,all,hinglish,test,0.21398626473452756,0.0
0.1,hi_only,hinglish,test,0.0,0.0
0.2,all,hinglish,test,0.3391602052736161,1.0
0.2,hi_only,hinglish,test,0.0,0.0
0.3,all,hinglish,test,0.3391602052736161,1.0
0.3,hi_only,hinglish,test,0.0,0.0
0.4,all,hinglish,test,0.3391602052736161,1.0
0.4,hi_only,hinglish,test,0.0,0.0
0.5,all,hinglish,test,0.4412576003965278,1.0
0.5,hi_only,hinglish,test,0.11751610475642714,0.0
0.6,all,hinglish,test,0.44615333764087994,1.0
0.6,hi_only,hinglish,test,0.123151194370365,0.0
0.7,all,hinglish,test,0.4599715079731103,1.0
0.7,hi_only,hinglish,test,0.13905617951077562,0.0
0.8,all,hinglish,test,0.5087403079104241,1.0
0.8,hi_only,hinglish,test,0.19519002499605084,0.0
0.82,all,hinglish,test,0.6067795937417813,1.0
0.82,hi_only,hinglish,test,0.3080351663449861,0.0
0.84,all,hinglish,test,0.6108377030333358,1.0
0.84,hi_only,hinglish,test,0.312706129752478,0.0
0.86,all,hinglish,test,0.6108377030333358,1.0
0.86,hi_only,hinglish,test,0.312706129752478,0.0
0.88,all,hinglish,test,0.6108377030333358,1.0
0.88,hi_only,hinglish,test,0.312706129752478,0.0
0.9,all,hinglish,test,0.6108377030333358,1.0
0.9,hi_only,hinglish,test,0.312706129752478,0.0
0.92,all,hinglish,test,0.615733440277688,1.0
0.92,hi_only,hinglish,test,0.31834121936641585,0.0
0.94,all,hinglish,test,0.615733440277688,1.0
0.94,hi_only,hinglish,test,0.31834121936641585,0.0
0.96,all,hinglish,test,0.6295516106099184,1.0
0.96,hi_only,hinglish,test,0.33424620450682646,0.0
0.98,all,hinglish,test,0.6548086577531307,1.0
0.98,hi_only,hinglish,test,0.36331756126716835,0.0
1.0,all,hinglish,test,0.6548086577531307,1.0
1.0,hi_only,hinglish,test,0.36331756126716835,0.0
0.0,all,en,test,1.0,1.0
0.1,all,en,test,1.0,1.0
0.2,all,en,test,1.0,1.0
0.3,all,en,test,1.0,1.0
0.4,all,en,test,1.0,1.0
0.5,all,en,test,1.0,1.0
0.6,all,en,test,1.0,1.0
0.7,all,en,test,1.0,1.0
0.8,all,en,test,1.0,1.0
0.82,all,en,test,1.0,1.0
0.84,all,en,test,1.0,1.0
0.86,all,en,test,1.0,1.0
0.88,all,en,test,1.0,1.0
0.9,all,en,test,1.0,1.0
0.92,all,en,test,1.0,1.0
0.94,all,en,test,1.0,1.0
0.96,all,en,test,1.0,1.0
0.98,all,en,test,1.0,1.0
1.0,all,en,test,1.0,1.0
0.0,all,hi,test,0.0,0.0
0.1,all,hi,test,0.0,0.0
0.2,all,hi,test,0.0,0.0
0.3,all,hi,test,0.0,0.0
0.4,all,hi,test,0.0,0.0
0.5,all,hi,test,0.0,0.0
0.6,all,hi,test,0.0,0.0
0.7,all,hi,test,0.0,0.0
0.8,all,hi,test,0.3333333333333333,0.0
0.82,all,hi,test,0.43067655807339306,0.0
0.84,all,hi,test,0.5,0.0
0.86,all,hi,test,0.5,0.0
0.88,all,hi,test,0.6309297535714575,0.0
0.9,all,hi,test,0.6309297535714575,0.0
0.92,all,hi,test,0.6309297535714575,0.0
0.94,all,hi,test,0.6309297535714575,0.0
0.96,all,hi,test,0.6309297535714575,0.0
0.98,all,hi,test,0.6309297535714575,0.0
1.0,all,hi,test,0.6309297535714575,0.0
0.0,all,hinglish,test,0.3562071871080222,0.0
0.1,all,hinglish,test,0.43067655807339306,0.0
0.2,all,hinglish,test,0.5,0.0
0.3,all,hinglish,test,0.6309297535714575,0.0
0.4,all,hinglish,test,1.0,1.0
0.5,all,hinglish,test,1.0,1.0
0.6,all,hinglish,test,1.0,1.0
0.7,all,hinglish,test,1.0,1.0
0.8,all,hinglish,test,1.0,1.0
0.82,all,hinglish,test,1.0,1.0
0.84,all,hinglish,test,1.0,1.0
0.86,all,hinglish,test,1.0,1.0
0.88,all,hinglish,test,1.0,1.0
0.9,all,hinglish,test,1.0,1.0
0.92,all,hinglish,test,1.0,1.0
0.94,all,hinglish,test,1.0,1.0
0.96,all,hinglish,test,1.0,1.0
0.98,all,hinglish,test,1.0,1.0
1.0,all,hinglish,test,1.0,1.0
0.0,all,hinglish,test,0.3562071871080222,0.0
0.1,all,hinglish,test,0.43067655807339306,0.0
0.2,all,hinglish,test,0.5,0.0
0.3,all,hinglish,test,0.6309297535714575,0.0
0.4,all,hinglish,test,1.0,1.0
0.5,all,hinglish,test,1.0,1.0
0.6,all,hinglish,test,1.0,1.0
0.7,all,hinglish,test,1.0,1.0
0.8,all,hinglish,test,1.0,1.0
0.82,all,hinglish,test,1.0,1.0
0.84,all,hinglish,test,1.0,1.0
0.86,all,hinglish,test,1.0,1.0
0.88,all,hinglish,test,1.0,1.0
0.9,all,hinglish,test,1.0,1.0
0.92,all,hinglish,test,1.0,1.0
0.94,all,hinglish,test,1.0,1.0
0.96,all,hinglish,test,1.0,1.0
0.98,all,hinglish,test,1.0,1.0
1.0,all,hinglish,test,1.0,1.0
0.0,all,hinglish,test,0.3562071871080222,0.0
0.1,all,hinglish,test,0.43067655807339306,0.0
0.2,all,hinglish,test,0.5,0.0
0.3,all,hinglish,test,0.6309297535714575,0.0
0.4,all,hinglish,test,1.0,1.0
0.5,all,hinglish,test,1.0,1.0
0.6,all,hinglish,test,1.0,1.0
0.7,all,hinglish,test,1.0,1.0
0.8,all,hinglish,test,1.0,1.0
0.82,all,hinglish,test,1.0,1.0
0.84,all,hinglish,test,1.0,1.0
0.86,all,hinglish,test,1.0,1.0
0.88,all,hinglish,test,1.0,1.0
0.9,all,hinglish,test,0.6309297535714575,0.0
0.92,all,hinglish,test,0.6309297535714575,0.0
0.94,all,hinglish,test,0.5,0.0
0.96,all,hinglish,test,0.43067655807339306,0.0
0.98,all,hinglish,test,0.43067655807339306,0.0
1.0,all,hinglish,test,0.38685280723454163,0.0
0.0,all,hinglish,test,0.3562071871080222,0.0
0.1,all,hinglish,test,0.43067655807339306,0.0
0.2,all,hinglish,test,0.5,0.0
0.3,all,hinglish,test,1.0,1.0
0.4,all,hinglish,test,1.0,1.0
0.5,all,hinglish,test,1.0,1.0
0.6,all,hinglish,test,1.0,1.0
0.7,all,hinglish,test,1.0,1.0
0.8,all,hinglish,test,1.0,1.0
0.82,all,hinglish,test,1.0,1.0
0.84,all,hinglish,test,1.0,1.0
0.86,all,hinglish,test,1.0,1.0
0.88,all,hinglish,test,1.0,1.0
0.9,all,hinglish,test,1.0,1.0
0.92,all,hinglish,test,1.0,1.0
0.94,all,hinglish,test,1.0,1.0
0.96,all,hinglish,test,1.0,1.0
0.98,all,hinglish,test,1.0,1.0
1.0,all,hinglish,test,1.0,1.0
