gold,method,lang_type,metric,mean,ci95
all,bm25 +stopwords,en,hit@1,0.333,"[0.000, 0.667]"
all,bm25 +stopwords,en,ndcg@10,0.44,"[0.231, 0.706]"
all,bm25 +stopwords,hi,hit@1,0.833,"[0.500, 1.000]"
all,bm25 +stopwords,hi,ndcg@10,0.385,"[0.207, 0.551]"
all,bm25 +stopwords,hinglish,hit@1,0.0,"[0.000, 0.000]"
all,bm25 +stopwords,hinglish,ndcg@10,0.234,"[0.123, 0.341]"
all,bm25 raw,en,hit@1,0.333,"[0.000, 0.667]"
all,bm25 raw,en,ndcg@10,0.367,"[0.237, 0.502]"
all,bm25 raw,hi,hit@1,0.833,"[0.500, 1.000]"
all,bm25 raw,hi,ndcg@10,0.373,"[0.202, 0.536]"
all,bm25 raw,hinglish,hit@1,0.125,"[0.000, 0.375]"
all,bm25 raw,hinglish,ndcg@10,0.213,"[0.135, 0.294]"
all,dense,en,hit@1,1.0,"[1.000, 1.000]"
all,dense,en,ndcg@10,0.768,"[0.625, 0.912]"
all,dense,hi,hit@1,0.833,"[0.500, 1.000]"
all,dense,hi,ndcg@10,0.696,"[0.562, 0.857]"
all,dense,hinglish,hit@1,0.583,"[0.292, 0.875]"
all,dense,hinglish,ndcg@10,0.568,"[0.361, 0.777]"
all,hybrid RRF,en,hit@1,0.833,"[0.500, 1.000]"
all,hybrid RRF,en,ndcg@10,0.553,"[0.347, 0.785]"
all,hybrid RRF,hi,hit@1,0.833,"[0.500, 1.000]"
all,hybrid RRF,hi,ndcg@10,0.45,"[0.222, 0.662]"
all,hybrid RRF,hinglish,hit@1,0.625,"[0.292, 0.958]"
all,hybrid RRF,hinglish,ndcg@10,0.481,"[0.249, 0.744]"
all,hybrid weighted (alpha=0.5),en,hit@1,0.833,"[0.500, 1.000]"
all,hybrid weighted (alpha=0.5),en,ndcg@10,0.544,"[0.340, 0.781]"
all,hybrid weighted (alpha=0.5),hi,hit@1,0.833,"[0.500, 1.000]"
all,hybrid weighted (alpha=0.5),hi,ndcg@10,0.434,"[0.218, 0.648]"
all,hybrid weighted (alpha=0.5),hinglish,hit@1,0.667,"[0.333, 1.000]"
all,hybrid weighted (alpha=0.5),hinglish,ndcg@10,0.474,"[0.236, 0.732]"
hi_only,bm25 +stopwords,en,hit@1,0.0,"[0.000, 0.000]"
hi_only,bm25 +stopwords,en,ndcg@10,0.0,"[0.000, 0.000]"
hi_only,bm25 +stopwords,hi,hit@1,1.0,"[1.000, 1.000]"
hi_only,bm25 +stopwords,hi,ndcg@10,0.68,"[0.527, 0.863]"
hi_only,bm25 +stopwords,hinglish,hit@1,0.0,"[0.000, 0.000]"
hi_only,bm25 +stopwords,hinglish,ndcg@10,0.0,"[0.000, 0.000]"
hi_only,bm25 raw,en,hit@1,0.0,"[0.000, 0.000]"
hi_only,bm25 raw,en,ndcg@10,0.0,"[0.000, 0.000]"
hi_only,bm25 raw,hi,hit@1,1.0,"[1.000, 1.000]"
hi_only,bm25 raw,hi,ndcg@10,0.66,"[0.502, 0.858]"
hi_only,bm25 raw,hinglish,hit@1,0.0,"[0.000, 0.000]"
hi_only,bm25 raw,hinglish,ndcg@10,0.0,"[0.000, 0.000]"
hi_only,dense,en,hit@1,0.2,"[0.000, 0.600]"
hi_only,dense,en,ndcg@10,0.459,"[0.331, 0.584]"
hi_only,dense,hi,hit@1,1.0,"[1.000, 1.000]"
hi_only,dense,hi,ndcg@10,0.755,"[0.569, 0.940]"
hi_only,dense,hinglish,hit@1,0.0,"[0.000, 0.000]"
hi_only,dense,hinglish,ndcg@10,0.28,"[0.170, 0.414]"
hi_only,hybrid RRF,en,hit@1,0.0,"[0.000, 0.000]"
hi_only,hybrid RRF,en,ndcg@10,0.044,"[0.000, 0.096]"
hi_only,hybrid RRF,hi,hit@1,1.0,"[1.000, 1.000]"
hi_only,hybrid RRF,hi,ndcg@10,0.777,"[0.610, 0.939]"
hi_only,hybrid RRF,hinglish,hit@1,0.0,"[0.000, 0.000]"
hi_only,hybrid RRF,hinglish,ndcg@10,0.046,"[0.000, 0.099]"
hi_only,hybrid weighted (alpha=0.5),en,hit@1,0.0,"[0.000, 0.000]"
hi_only,hybrid weighted (alpha=0.5),en,ndcg@10,0.044,"[0.000, 0.096]"
hi_only,hybrid weighted (alpha=0.5),hi,hit@1,1.0,"[1.000, 1.000]"
hi_only,hybrid weighted (alpha=0.5),hi,ndcg@10,0.75,"[0.578, 0.923]"
hi_only,hybrid weighted (alpha=0.5),hinglish,hit@1,0.0,"[0.000, 0.000]"
hi_only,hybrid weighted (alpha=0.5),hinglish,ndcg@10,0.038,"[0.000, 0.085]"
