method,transform,qid,group_id,lang_type,variant,split,latency_ms,top1_lang,gold_mode,hit@1,recall@1,hit@3,recall@3,hit@5,recall@5,hit@10,recall@10,mrr@10,ndcg@10
bm25 raw,none,g01_en,g01,en,,test,0.9489219999068155,en,all,0.0,0.0,1.0,0.3333333333333333,1.0,0.3333333333333333,1.0,0.3333333333333333,0.5,0.3422220729283414
bm25 raw,none,g01_en,g01,en,,test,0.9489219999068155,en,hi_only,0.0,0.0,0.0,0.0,0.0,0.0,0.0,0.0,0.0,0.0
bm25 raw,none,g01_hi,g01,hi,,test,0.5685440000888775,hi,all,1.0,0.16666666666666666,1.0,0.16666666666666666,1.0,0.16666666666666666,1.0,0.16666666666666666,1.0,0.30260241349881345
bm25 raw,none,g01_hi,g01,hi,,test,0.5685440000888775,hi,hi_only,1.0,0.3333333333333333,1.0,0.3333333333333333,1.0,0.3333333333333333,1.0,0.3333333333333333,1.0,0.46927872602275644
bm25 raw,none,g01_hing_base,g01,hinglish,base,test,0.4890039999736473,en,all,1.0,0.16666666666666666,1.0,0.16666666666666666,1.0,0.16666666666666666,1.0,0.3333333333333333,1.0,0.4103915680233244
bm25 raw,none,g01_hing_base,g01,hinglish,base,test,0.4890039999736473,en,hi_only,0.0,0.0,0.0,0.0,0.0,0.0,0.0,0.0,0.0,0.0
bm25 raw,none,g01_hing_vowel2x,g01,hinglish,vowel2x,test,0.3979420000632672,en,all,1.0,0.16666666666666666,1.0,0.16666666666666666,1.0,0.16666666666666666,1.0,0.3333333333333333,1.0,0.4103915680233244
bm25 raw,none,g01_hing_vowel2x,g01,hinglish,vowel2x,test,0.3979420000632672,en,hi_only,0.0,0.0,0.0,0.0,0.0,0.0,0.0,0.0,0.0,0.0
bm25 raw,none,g01_hing_lower,g01,hinglish,lower,test,0.40719899993746367,en,all,1.0,0.16666666666666666,1.0,0.16666666666666666,1.0,0.16666666666666666,1.0,0.3333333333333333,1.0,0.4103915680233244
bm25 raw,none,g01_hing_lower,g01,hinglish,lower,test,0.40719899993746367,en,hi_only,0.0,0.0,0.0,0.0,0.0,0.0,0.0,0.0,0.0,0.0
bm25 raw,none,g01_hing_he_for_hai,g01,hinglish,he_for_hai,test,0.42795100011971954,en,all,0.0,0.0,0.0,0.0,1.0,0.16666666666666666,1.0,0.3333333333333333,0.2,0.20453430723937174
bm25 raw,none,g01_hing_he_for_hai,g01,hinglish,he_for_hai,test,0.42795100011971954,en,hi_only,0.0,0.0,0.0,0.0,0.0,0.0,0.0,0.0,0.0,0.0
bm25 raw,none,g02_en,g02,en,,dev,0.5946379999386409,en,all,1.0,0.1,1.0,0.2,1.0,0.2,1.0,0.2,1.0,0.3589542101716347
bm25 raw,none,g02_en,g02,en,,dev,0.5946379999386409,en,hi_only,0.0,0.0,0.0,0.0,0.0,0.0,0.0,0.0,0.0,0.0
bm25 raw,none,g02_hi,g02,hi,,dev,0.5388990000483318,hi,all,1.0,0.1,1.0,0.1,1.0,0.2,1.0,0.3,1.0,0.3746661058764784
bm25 raw,none,g02_hi,g02,hi,,dev,0.5388990000483318,hi,hi_only,1.0,0.16666666666666666,1.0,0.16666666666666666,1.0,0.3333333333333333,1.0,0.5,1.0,0.5151254397262444
bm25 raw,none,g02_hing_base,g02,hinglish,base,dev,0.4274699999768927,en,all,0.0,0.0,0.0,0.0,1.0,0.1,1.0,0.2,0.2,0.15457433957839825
bm25 raw,none,g02_hing_base,g02,hinglish,base,dev,0.4274699999768927,en,hi_only,0.0,0.0,0.0,0.0,0.0,0.0,0.0,0.0,0.0,0.0
bm25 raw,none,g02_hing_vowel2x,g02,hinglish,vowel2x,dev,0.4034630001115147,en,all,0.0,0.0,0.0,0.0,1.0,0.1,1.0,0.2,0.2,0.15457433957839825
bm25 raw,none,g02_hing_vowel2x,g02,hinglish,vowel2x,dev,0.4034630001115147,en,hi_only,0.0,0.0,0.0,0.0,0.0,0.0,0.0,0.0,0.0,0.0
bm25 raw,none,g02_hing_lower,g02,hinglish,lower,dev,0.4122069999539235,en,all,0.0,0.0,0.0,0.0,1.0,0.1,1.0,0.2,0.2,0.15457433957839825
bm25 raw,none,g02_hing_lower,g02,hinglish,lower,dev,0.4122069999539235,en,hi_only,0.0,0.0,0.0,0.0,0.0,0.0,0.0,0.0,0.0,0.0
bm25 raw,none,g02_hing_he_for_hai,g02,hinglish,he_for_hai,dev,0.44288399999459216,en,all,0.0,0.0,0.0,0.0,1.0,0.1,1.0,0.2,0.2,0.15457433957839825
bm25 raw,none,g02_hing_he_for_hai,g02,hinglish,he_for_hai,dev,0.44288399999459216,en,hi_only,0.0,0.0,0.0,0.0,0.0,0.0,0.0,0.0,0.0,0.0
bm25 raw,none,g03_en,g03,en,,dev,0.743617000125596,en,all,0.0,0.0,0.0,0.0,0.0,0.0,1.0,0.16666666666666666,0.125,0.09546043308946733
bm25 raw,none,g03_en,g03,en,,dev,0.743617000125596,en,hi_only,0.0,0.0,0.0,0.0,0.0,0.0,0.0,0.0,0.0,0.0
bm25 raw,none,g03_hi,g03,hi,,dev,0.880686999835234,hi,all,1.0,0.16666666666666666,1.0,0.16666666666666666,1.0,0.3333333333333333,1.0,0.3333333333333333,1.0,0.41966500663677697
bm25 raw,none,g03_hi,g03,hi,,dev,0.880686999835234,hi,hi_only,1.0,0.25,1.0,0.25,1.0,0.5,1.0,0.5,1.0,0.5413996682199069
bm25 raw,none,g03_hing_base,g03,hinglish,base,dev,0.831157999982679,en,all,0.0,0.0,0.0,0.0,0.0,0.0,0.0,0.0,0.0,0.0
bm25 raw,none,g03_hing_base,g03,hinglish,base,dev,0.831157999982679,en,hi_only,0.0,0.0,0.0,0.0,0.0,0.0,0.0,0.0,0.0,0.0
bm25 raw,none,g03_hing_vowel2x,g03,hinglish,vowel2x,dev,0.7950120000259631,en,all,0.0,0.0,0.0,0.0,0.0,0.0,0.0,0.0,0.0,0.0
bm25 raw,none,g03_hing_vowel2x,g03,hinglish,vowel2x,dev,0.7950120000259631,en,hi_only,0.0,0.0,0.0,0.0,0.0,0.0,0.0,0.0,0.0,0.0
bm25 raw,none,g03_hing_lower,g03,hinglish,lower,dev,0.7912080000096466,en,all,0.0,0.0,0.0,0.0,0.0,0.0,0.0,0.0,0.0,0.0
bm25 raw,none,g03_hing_lower,g03,hinglish,lower,dev,0.7912080000096466,en,hi_only,0.0,0.0,0.0,0.0,0.0,0.0,0.0,0.0,0.0,0.0
bm25 raw,none,g03_hing_he_for_hai,g03,hinglish,he_for_hai,dev,0.8471080000163056,en,all,0.0,0.0,1.0,0.16666666666666666,1.0,0.16666666666666666,1.0,0.16666666666666666,0.5,0.19092086617893467
bm25 raw,none,g03_hing_he_for_hai,g03,hinglish,he_for_hai,dev,0.8471080000163056,en,hi_only,0.0,0.0,0.0,0.0,0.0,0.0,0.0,0.0,0.0,0.0
bm25 raw,none,g04_en,g04,en,,dev,1.2067130001014448,en,all,0.0,0.0,1.0,0.3333333333333333,1.0,0.6666666666666666,1.0,0.6666666666666666,0.3333333333333333,0.4367467095119258
bm25 raw,none,g04_en,g04,en,,dev,1.2067130001014448,en,hi_only,0.0,0.0,0.0,0.0,0.0,0.0,0.0,0.0,0.0,0.0
bm25 raw,none,g04_hi,g04,hi,,dev,0.907519000065804,hi,all,1.0,0.3333333333333333,1.0,0.3333333333333333,1.0,0.3333333333333333,1.0,0.3333333333333333,1.0,0.46927872602275644
bm25 raw,none,g04_hi,g04,hi,,dev,0.907519000065804,hi,hi_only,1.0,1.0,1.0,1.0,1.0,1.0,1.0,1.0,1.0,1.0
bm25 raw,none,g04_hing_base,g04,hinglish,base,dev,0.8403309998357145,en,all,0.0,0.0,0.0,0.0,0.0,0.0,1.0,0.6666666666666666,0.125,0.2836929289153804
bm25 raw,none,g04_hing_base,g04,hinglish,base,dev,0.8403309998357145,en,hi_only,0.0,0.0,0.0,0.0,0.0,0.0,0.0,0.0,0.0,0.0
bm25 raw,none,g04_hing_vowel2x,g04,hinglish,vowel2x,dev,0.8137810000334866,en,all,0.0,0.0,0.0,0.0,0.0,0.0,1.0,0.6666666666666666,0.125,0.2836929289153804
bm25 raw,none,g04_hing_vowel2x,g04,hinglish,vowel2x,dev,0.8137810000334866,en,hi_only,0.0,0.0,0.0,0.0,0.0,0.0,0.0,0.0,0.0,0.0
bm25 raw,none,g04_hing_lower,g04,hinglish,lower,dev,0.8098180001070432,en,all,0.0,0.0,0.0,0.0,0.0,0.0,1.0,0.6666666666666666,0.125,0.2836929289153804
bm25 raw,none,g04_hing_lower,g04,hinglish,lower,dev,0.8098180001070432,en,hi_only,0.0,0.0,0.0,0.0,0.0,0.0,0.0,0.0,0.0,0.0
bm25 raw,none,g04_hing_he_for_hai,g04,hinglish,he_for_hai,dev,0.8710430001883651,en,all,0.0,0.0,0.0,0.0,0.0,0.0,0.0,0.0,0.0,0.0
bm25 raw,none,g04_hing_he_for_hai,g04,hinglish,he_for_hai,dev,0.8710430001883651,en,hi_only,0.0,0.0,0.0,0.0,0.0,0.0,0.0,0.0,0.0,0.0
bm25 raw,none,g05_en,g05,en,,test,1.2699639999027568,en,all,1.0,0.2,1.0,0.2,1.0,0.2,1.0,0.2,1.0,0.3391602052736161
bm25 raw,none,g05_en,g05,en,,test,1.2699639999027568,en,hi_only,0.0,0.0,0.0,0.0,0.0,0.0,0.0,0.0,0.0,0.0
bm25 raw,none,g05_hi,g05,hi,,test,0.6744790000539069,hi,all,1.0,0.2,1.0,0.4,1.0,0.4,1.0,0.6,1.0,0.6739577727076379
bm25 raw,none,g05_hi,g05,hi,,test,0.6744790000539069,hi,hi_only,1.0,0.25,1.0,0.5,1.0,0.5,1.0,0.75,1.0,0.7757386182436072
bm25 raw,none,g05_hing_base,g05,hinglish,base,test,0.53137500003686,en,all,0.0,0.0,1.0,0.2,1.0,0.2,1.0,0.2,0.5,0.21398626473452756
bm25 raw,none,g05_hing_base,g05,hinglish,base,test,0.53137500003686,en,hi_only,0.0,0.0,0.0,0.0,0.0,0.0,0.0,0.0,0.0,0.0
bm25 raw,none,g05_hing_vowel2x,g05,hinglish,vowel2x,test,0.5506429999968532,en,all,0.0,0.0,1.0,0.2,1.0,0.2,1.0,0.2,0.5,0.21398626473452756
bm25 raw,none,g05_hing_vowel2x,g05,hinglish,vowel2x,test,0.5506429999968532,en,hi_only,0.0,0.0,0.0,0.0,0.0,0.0,0.0,0.0,0.0,0.0
bm25 raw,none,g05_hing_lower,g05,hinglish,lower,test,0.5269119999411487,en,all,0.0,0.0,1.0,0.2,1.0,0.2,1.0,0.2,0.5,0.21398626473452756
bm25 raw,none,g05_hing_lower,g05,hinglish,lower,test,0.5269119999411487,en,hi_only,0.0,0.0,0.0,0.0,0.0,0.0,0.0,0.0,0.0,0.0
bm25 raw,none,g05_hing_he_for_hai,g05,hinglish,he_for_hai,test,0.5738069999097206,en,all,0.0,0.0,1.0,0.2,1.0,0.2,1.0,0.2,0.3333333333333333,0.16958010263680806
bm25 raw,none,g05_hing_he_for_hai,g05,hinglish,he_for_hai,test,0.5738069999097206,en,hi_only,0.0,0.0,0.0,0.0,0.0,0.0,0.0,0.0,0.0,0.0
bm25 raw,none,g06_en,g06,en,,test,0.6652750000739616,en,all,0.0,0.0,1.0,1.0,1.0,1.0,1.0,1.0,0.5,0.6309297535714575
bm25 raw,none,g06_hi,g06,hi,,test,0.49709600011738075,hi,all,0.0,0.0,0.0,0.0,0.0,0.0,0.0,0.0,0.0,0.0
bm25 raw,none,g06_hing_base,g06,hinglish,base,test,0.40697500003261666,en,all,0.0,0.0,0.0,0.0,0.0,0.0,1.0,1.0,0.1111111111111111,0.3010299956639812
bm25 raw,none,g06_hing_vowel2x,g06,hinglish,vowel2x,test,0.4335720000199217,en,all,0.0,0.0,0.0,0.0,0.0,0.0,1.0,1.0,0.1111111111111111,0.3010299956639812
bm25 raw,none,g06_hing_lower,g06,hinglish,lower,test,0.40619800006425066,en,all,0.0,0.0,0.0,0.0,0.0,0.0,1.0,1.0,0.1111111111111111,0.3010299956639812
bm25 raw,none,g06_hing_he_for_hai,g06,hinglish,he_for_hai,test,0.45025800000075833,en,all,0.0,0.0,0.0,0.0,0.0,0.0,1.0,1.0,0.1111111111111111,0.3010299956639812
bm25 +stopwords,none,g01_en,g01,en,,test,0.2544890000990563,en,all,1.0,0.16666666666666666,1.0,0.3333333333333333,1.0,0.3333333333333333,1.0,0.3333333333333333,1.0,0.4935232796777481
bm25 +stopwords,none,g01_en,g01,en,,test,0.2544890000990563,en,hi_only,0.0,0.0,0.0,0.0,0.0,0.0,0.0,0.0,0.0,0.0
bm25 +stopwords,none,g01_hi,g01,hi,,test,0.2411499999652733,hi,all,1.0,0.16666666666666666,1.0,0.16666666666666666,1.0,0.16666666666666666,1.0,0.16666666666666666,1.0,0.30260241349881345
bm25 +stopwords,none,g01_hi,g01,hi,,test,0.2411499999652733,hi,hi_only,1.0,0.3333333333333333,1.0,0.3333333333333333,1.0,0.3333333333333333,1.0,0.3333333333333333,1.0,0.46927872602275644
bm25 +stopwords,none,g01_hing_base,g01,hinglish,base,test,0.20118199995522446,en,all,0.0,0.0,1.0,0.16666666666666666,1.0,0.3333333333333333,1.0,0.5,0.5,0.3954551734183064
bm25 +stopwords,none,g01_hing_base,g01,hinglish,base,test,0.20118199995522446,en,hi_only,0.0,0.0,0.0,0.0,0.0,0.0,0.0,0.0,0.0,0.0
bm25 +stopwords,none,g01_hing_vowel2x,g01,hinglish,vowel2x,test,0.19449599994914024,en,all,0.0,0.0,1.0,0.16666666666666666,1.0,0.3333333333333333,1.0,0.5,0.5,0.3954551734183064
bm25 +stopwords,none,g01_hing_vowel2x,g01,hinglish,vowel2x,test,0.19449599994914024,en,hi_only,0.0,0.0,0.0,0.0,0.0,0.0,0.0,0.0,0.0,0.0
bm25 +stopwords,none,g01_hing_lower,g01,hinglish,lower,test,0.19515799999680894,en,all,0.0,0.0,1.0,0.16666666666666666,1.0,0.3333333333333333,1.0,0.5,0.5,0.3954551734183064
bm25 +stopwords,none,g01_hing_lower,g01,hinglish,lower,test,0.19515799999680894,en,hi_only,0.0,0.0,0.0,0.0,0.0,0.0,0.0,0.0,0.0,0.0
bm25 +stopwords,none,g01_hing_he_for_hai,g01,hinglish,he_for_hai,test,0.20731399990836508,en,all,0.0,0.0,1.0,0.16666666666666666,1.0,0.3333333333333333,1.0,0.5,0.5,0.3954551734183064
bm25 +stopwords,none,g01_hing_he_for_hai,g01,hinglish,he_for_hai,test,0.20731399990836508,en,hi_only,0.0,0.0,0.0,0.0,0.0,0.0,0.0,0.0,0.0,0.0
bm25 +stopwords,none,g02_en,g02,en,,dev,0.23533099988526374,en,all,0.0,0.0,1.0,0.2,1.0,0.2,1.0,0.2,0.5,0.2489083270225946
bm25 +stopwords,none,g02_en,g02,en,,dev,0.23533099988526374,en,hi_only,0.0,0.0,0.0,0.0,0.0,0.0,0.0,0.0,0.0,0.0
bm25 +stopwords,none,g02_hi,g02,hi,,dev,0.22607000005336886,hi,all,1.0,0.1,1.0,0.1,1.0,0.2,1.0,0.4,1.0,0.4447551423209717
bm25 +stopwords,none,g02_hi,g02,hi,,dev,0.22607000005336886,hi,hi_only,1.0,0.16666666666666666,1.0,0.16666666666666666,1.0,0.3333333333333333,1.0,0.6666666666666666,1.0,0.6114902967340503
bm25 +stopwords,none,g02_hing_base,g02,hinglish,base,dev,0.20190899999761314,en,all,0.0,0.0,0.0,0.0,0.0,0.0,1.0,0.2,0.16666666666666666,0.1478294909154526
bm25 +stopwords,none,g02_hing_base,g02,hinglish,base,dev,0.20190899999761314,en,hi_only,0.0,0.0,0.0,0.0,0.0,0.0,0.0,0.0,0.0,0.0
bm25 +stopwords,none,g02_hing_vowel2x,g02,hinglish,vowel2x,dev,0.18906800005424884,en,all,0.0,0.0,0.0,0.0,0.0,0.0,1.0,0.2,0.16666666666666666,0.1478294909154526
bm25 +stopwords,none,g02_hing_vowel2x,g02,hinglish,vowel2x,dev,0.18906800005424884,en,hi_only,0.0,0.0,0.0,0.0,0.0,0.0,0.0,0.0,0.0,0.0
bm25 +stopwords,none,g02_hing_lower,g02,hinglish,lower,dev,0.235341999996308,en,all,0.0,0.0,0.0,0.0,0.0,0.0,1.0,0.2,0.16666666666666666,0.1478294909154526
bm25 +stopwords,none,g02_hing_lower,g02,hinglish,lower,dev,0.235341999996308,en,hi_only,0.0,0.0,0.0,0.0,0.0,0.0,0.0,0.0,0.0,0.0
bm25 +stopwords,none,g02_hing_he_for_hai,g02,hinglish,he_for_hai,dev,0.21468099998855905,en,all,0.0,0.0,0.0,0.0,0.0,0.0,1.0,0.2,0.16666666666666666,0.1478294909154526
bm25 +stopwords,none,g02_hing_he_for_hai,g02,hinglish,he_for_hai,dev,0.21468099998855905,en,hi_only,0.0,0.0,0.0,0.0,0.0,0.0,0.0,0.0,0.0,0.0
bm25 +stopwords,none,g03_en,g03,en,,dev,0.24879700004021288,en,all,0.0,0.0,1.0,0.16666666666666666,1.0,0.16666666666666666,1.0,0.16666666666666666,0.3333333333333333,0.15130120674940672
bm25 +stopwords,none,g03_en,g03,en,,dev,0.24879700004021288,en,hi_only,0.0,0.0,0.0,0.0,0.0,0.0,0.0,0.0,0.0,0.0
bm25 +stopwords,none,g03_hi,g03,hi,,dev,0.22675600007460162,hi,all,1.0,0.16666666666666666,1.0,0.16666666666666666,1.0,0.3333333333333333,1.0,0.3333333333333333,1.0,0.41966500663677697
bm25 +stopwords,none,g03_hi,g03,hi,,dev,0.22675600007460162,hi,hi_only,1.0,0.25,1.0,0.25,1.0,0.5,1.0,0.5,1.0,0.5413996682199069
bm25 +stopwords,none,g03_hing_base,g03,hinglish,base,dev,0.25092400005632953,en,all,0.0,0.0,0.0,0.0,0.0,0.0,0.0,0.0,0.0,0.0
bm25 +stopwords,none,g03_hing_base,g03,hinglish,base,dev,0.25092400005632953,en,hi_only,0.0,0.0,0.0,0.0,0.0,0.0,0.0,0.0,0.0,0.0
bm25 +stopwords,none,g03_hing_vowel2x,g03,hinglish,vowel2x,dev,0.2040800000031595,en,all,0.0,0.0,0.0,0.0,0.0,0.0,0.0,0.0,0.0,0.0
bm25 +stopwords,none,g03_hing_vowel2x,g03,hinglish,vowel2x,dev,0.2040800000031595,en,hi_only,0.0,0.0,0.0,0.0,0.0,0.0,0.0,0.0,0.0,0.0
bm25 +stopwords,none,g03_hing_lower,g03,hinglish,lower,dev,0.1925210001445521,en,all,0.0,0.0,0.0,0.0,0.0,0.0,0.0,0.0,0.0,0.0
bm25 +stopwords,none,g03_hing_lower,g03,hinglish,lower,dev,0.1925210001445521,en,hi_only,0.0,0.0,0.0,0.0,0.0,0.0,0.0,0.0,0.0,0.0
bm25 +stopwords,none,g03_hing_he_for_hai,g03,hinglish,he_for_hai,dev,0.21378600013122195,en,all,0.0,0.0,0.0,0.0,0.0,0.0,0.0,0.0,0.0,0.0
bm25 +stopwords,none,g03_hing_he_for_hai,g03,hinglish,he_for_hai,dev,0.21378600013122195,en,hi_only,0.0,0.0,0.0,0.0,0.0,0.0,0.0,0.0,0.0,0.0
bm25 +stopwords,none,g04_en,g04,en,,dev,0.2688079998733883,en,all,0.0,0.0,1.0,0.6666666666666666,1.0,0.6666666666666666,1.0,0.6666666666666666,0.5,0.5307212739772434
bm25 +stopwords,none,g04_en,g04,en,,dev,0.2688079998733883,en,hi_only,0.0,0.0,0.0,0.0,0.0,0.0,0.0,0.0,0.0,0.0
bm25 +stopwords,none,g04_hi,g04,hi,,dev,0.22984699990047375,hi,all,1.0,0.3333333333333333,1.0,0.3333333333333333,1.0,0.3333333333333333,1.0,0.3333333333333333,1.0,0.46927872602275644
bm25 +stopwords,none,g04_hi,g04,hi,,dev,0.22984699990047375,hi,hi_only,1.0,1.0,1.0,1.0,1.0,1.0,1.0,1.0,1.0,1.0
bm25 +stopwords,none,g04_hing_base,g04,hinglish,base,dev,0.25290700000368815,en,all,0.0,0.0,0.0,0.0,0.0,0.0,1.0,0.6666666666666666,0.14285714285714285,0.2920782154400332
bm25 +stopwords,none,g04_hing_base,g04,hinglish,base,dev,0.25290700000368815,en,hi_only,0.0,0.0,0.0,0.0,0.0,0.0,0.0,0.0,0.0,0.0
bm25 +stopwords,none,g04_hing_vowel2x,g04,hinglish,vowel2x,dev,0.1967200000763114,en,all,0.0,0.0,0.0,0.0,0.0,0.0,1.0,0.6666666666666666,0.14285714285714285,0.2920782154400332
bm25 +stopwords,none,g04_hing_vowel2x,g04,hinglish,vowel2x,dev,0.1967200000763114,en,hi_only,0.0,0.0,0.0,0.0,0.0,0.0,0.0,0.0,0.0,0.0
bm25 +stopwords,none,g04_hing_lower,g04,hinglish,lower,dev,0.19412099982218933,en,all,0.0,0.0,0.0,0.0,0.0,0.0,1.0,0.6666666666666666,0.14285714285714285,0.2920782154400332
bm25 +stopwords,none,g04_hing_lower,g04,hinglish,lower,dev,0.19412099982218933,en,hi_only,0.0,0.0,0.0,0.0,0.0,0.0,0.0,0.0,0.0,0.0
bm25 +stopwords,none,g04_hing_he_for_hai,g04,hinglish,he_for_hai,dev,0.21183700005167339,en,all,0.0,0.0,0.0,0.0,0.0,0.0,1.0,0.6666666666666666,0.14285714285714285,0.2920782154400332
bm25 +stopwords,none,g04_hing_he_for_hai,g04,hinglish,he_for_hai,dev,0.21183700005167339,en,hi_only,0.0,0.0,0.0,0.0,0.0,0.0,0.0,0.0,0.0,0.0
bm25 +stopwords,none,g05_en,g05,en,,test,0.3297200000815792,en,all,0.0,0.0,1.0,0.2,1.0,0.2,1.0,0.2,0.5,0.21398626473452756
bm25 +stopwords,none,g05_en,g05,en,,test,0.3297200000815792,en,hi_only,0.0,0.0,0.0,0.0,0.0,0.0,0.0,0.0,0.0,0.0
bm25 +stopwords,none,g05_hi,g05,hi,,test,0.3064369998355687,hi,all,1.0,0.2,1.0,0.4,1.0,0.4,1.0,0.6,1.0,0.6739577727076379
bm25 +stopwords,none,g05_hi,g05,hi,,test,0.3064369998355687,hi,hi_only,1.0,0.25,1.0,0.5,1.0,0.5,1.0,0.75,1.0,0.7757386182436072
bm25 +stopwords,none,g05_hing_base,g05,hinglish,base,test,0.2723049999531213,en,all,0.0,0.0,1.0,0.2,1.0,0.2,1.0,0.2,0.5,0.21398626473452756
bm25 +stopwords,none,g05_hing_base,g05,hinglish,base,test,0.2723049999531213,en,hi_only,0.0,0.0,0.0,0.0,0.0,0.0,0.0,0.0,0.0,0.0
bm25 +stopwords,none,g05_hing_vowel2x,g05,hinglish,vowel2x,test,0.27713600002243766,en,all,0.0,0.0,1.0,0.2,1.0,0.2,1.0,0.2,0.5,0.21398626473452756
bm25 +stopwords,none,g05_hing_vowel2x,g05,hinglish,vowel2x,test,0.27713600002243766,en,hi_only,0.0,0.0,0.0,0.0,0.0,0.0,0.0,0.0,0.0,0.0
bm25 +stopwords,none,g05_hing_lower,g05,hinglish,lower,test,0.2788869999221788,en,all,0.0,0.0,1.0,0.2,1.0,0.2,1.0,0.2,0.5,0.21398626473452756
bm25 +stopwords,none,g05_hing_lower,g05,hinglish,lower,test,0.2788869999221788,en,hi_only,0.0,0.0,0.0,0.0,0.0,0.0,0.0,0.0,0.0,0.0
bm25 +stopwords,none,g05_hing_he_for_hai,g05,hinglish,he_for_hai,test,0.274739999895246,en,all,0.0,0.0,1.0,0.2,1.0,0.2,1.0,0.2,0.5,0.21398626473452756
bm25 +stopwords,none,g05_hing_he_for_hai,g05,hinglish,he_for_hai,test,0.274739999895246,en,hi_only,0.0,0.0,0.0,0.0,0.0,0.0,0.0,0.0,0.0,0.0
bm25 +stopwords,none,g06_en,g06,en,,test,0.22646400020676083,en,all,1.0,1.0,1.0,1.0,1.0,1.0,1.0,1.0,1.0,1.0
bm25 +stopwords,none,g06_hi,g06,hi,,test,0.37333900013436505,hi,all,0.0,0.0,0.0,0.0,0.0,0.0,0.0,0.0,0.0,0.0
bm25 +stopwords,none,g06_hing_base,g06,hinglish,base,test,0.27748799993787543,en,all,0.0,0.0,0.0,0.0,0.0,0.0,1.0,1.0,0.16666666666666666,0.3562071871080222
bm25 +stopwords,none,g06_hing_vowel2x,g06,hinglish,vowel2x,test,0.26370000000497384,en,all,0.0,0.0,0.0,0.0,0.0,0.0,1.0,1.0,0.16666666666666666,0.3562071871080222
bm25 +stopwords,none,g06_hing_lower,g06,hinglish,lower,test,0.24565399985476688,en,all,0.0,0.0,0.0,0.0,0.0,0.0,1.0,1.0,0.16666666666666666,0.3562071871080222
bm25 +stopwords,none,g06_hing_he_for_hai,g06,hinglish,he_for_hai,test,0.24984400010907848,en,all,0.0,0.0,0.0,0.0,0.0,0.0,1.0,1.0,0.16666666666666666,0.3562071871080222
dense,none,g01_en,g01,en,,test,280.76290900003187,en,all,1.0,0.16666666666666666,1.0,0.5,1.0,0.5,1.0,0.5,1.0,0.644824486427155
dense,none,g01_en,g01,en,,test,280.76290900003187,en,hi_only,0.0,0.0,1.0,0.3333333333333333,1.0,0.3333333333333333,1.0,0.3333333333333333,0.5,0.2960819109658652
dense,none,g01_hi,g01,hi,,test,377.8393530001267,hi,all,1.0,0.16666666666666666,1.0,0.3333333333333333,1.0,0.3333333333333333,1.0,0.5,1.0,0.5493640533376876
dense,none,g01_hi,g01,hi,,test,377.8393530001267,hi,hi_only,1.0,0.3333333333333333,1.0,0.3333333333333333,1.0,0.3333333333333333,1.0,0.3333333333333333,1.0,0.46927872602275644
dense,none,g01_hing_base,g01,hinglish,base,test,392.41185099990616,en,all,1.0,0.16666666666666666,1.0,0.16666666666666666,1.0,0.3333333333333333,1.0,0.5,1.0,0.540715333933695
dense,none,g01_hing_base,g01,hinglish,base,test,392.41185099990616,en,hi_only,0.0,0.0,0.0,0.0,0.0,0.0,1.0,0.3333333333333333,0.16666666666666666,0.16716045496620227
dense,none,g01_hing_vowel2x,g01,hinglish,vowel2x,test,426.93307600006847,en,all,0.0,0.0,1.0,0.16666666666666666,1.0,0.3333333333333333,1.0,0.5,0.5,0.4221121032555764
dense,none,g01_hing_vowel2x,g01,hinglish,vowel2x,test,426.93307600006847,en,hi_only,0.0,0.0,0.0,0.0,0.0,0.0,1.0,0.3333333333333333,0.14285714285714285,0.15642624200758548
dense,none,g01_hing_lower,g01,hinglish,lower,test,299.5473830001174,en,all,1.0,0.16666666666666666,1.0,0.16666666666666666,1.0,0.3333333333333333,1.0,0.5,1.0,0.5274541611612878
dense,none,g01_hing_lower,g01,hinglish,lower,test,299.5473830001174,en,hi_only,0.0,0.0,0.0,0.0,0.0,0.0,1.0,0.3333333333333333,0.16666666666666666,0.16716045496620227
dense,none,g01_hing_he_for_hai,g01,hinglish,he_for_hai,test,283.06323800006794,en,all,0.0,0.0,1.0,0.16666666666666666,1.0,0.3333333333333333,1.0,0.5,0.5,0.4157726138414091
dense,none,g01_hing_he_for_hai,g01,hinglish,he_for_hai,test,283.06323800006794,en,hi_only,0.0,0.0,0.0,0.0,1.0,0.3333333333333333,1.0,0.3333333333333333,0.2,0.18154179253735267
dense,none,g02_en,g02,en,,dev,297.8264240000499,en,all,1.0,0.1,1.0,0.3,1.0,0.4,1.0,0.5,1.0,0.6300426811446146
dense,none,g02_en,g02,en,,dev,297.8264240000499,en,hi_only,0.0,0.0,1.0,0.16666666666666666,1.0,0.16666666666666666,1.0,0.3333333333333333,0.5,0.28201326940239274
dense,none,g02_hi,g02,hi,,dev,283.1373540000186,hi,all,1.0,0.1,1.0,0.2,1.0,0.3,1.0,0.4,1.0,0.5199967979955745
dense,none,g02_hi,g02,hi,,dev,283.1373540000186,hi,hi_only,1.0,0.16666666666666666,1.0,0.3333333333333333,1.0,0.3333333333333333,1.0,0.5,1.0,0.5846156829012061
dense,none,g02_hing_base,g02,hinglish,base,dev,300.38042199998927,en,all,1.0,0.1,1.0,0.1,1.0,0.1,1.0,0.4,1.0,0.43810818083050457
dense,none,g02_hing_base,g02,hinglish,base,dev,300.38042199998927,en,hi_only,0.0,0.0,0.0,0.0,0.0,0.0,1.0,0.16666666666666666,0.14285714285714285,0.10086747116627115
dense,none,g02_hing_vowel2x,g02,hinglish,vowel2x,dev,324.8891519999688,en,all,0.0,0.0,1.0,0.1,1.0,0.2,1.0,0.3,0.3333333333333333,0.2742654694553681
dense,none,g02_hing_vowel2x,g02,hinglish,vowel2x,dev,324.8891519999688,en,hi_only,0.0,0.0,0.0,0.0,0.0,0.0,1.0,0.16666666666666666,0.125,0.09546043308946733
dense,none,g02_hing_lower,g02,hinglish,lower,dev,294.85992200011424,en,all,0.0,0.0,0.0,0.0,1.0,0.1,1.0,0.3,0.25,0.23177307466786254
dense,none,g02_hing_lower,g02,hinglish,lower,dev,294.85992200011424,en,hi_only,0.0,0.0,0.0,0.0,0.0,0.0,1.0,0.3333333333333333,0.14285714285714285,0.18833918526767932
dense,none,g02_hing_he_for_hai,g02,hinglish,he_for_hai,dev,303.63878599996497,en,all,0.0,0.0,1.0,0.1,1.0,0.2,1.0,0.4,0.5,0.36602461869280256
dense,none,g02_hing_he_for_hai,g02,hinglish,he_for_hai,dev,303.63878599996497,en,hi_only,0.0,0.0,0.0,0.0,1.0,0.16666666666666666,1.0,0.16666666666666666,0.2,0.11706259313796354
dense,none,g03_en,g03,en,,dev,283.84325999991233,hi,all,1.0,0.16666666666666666,1.0,0.16666666666666666,1.0,0.16666666666666666,1.0,0.5,1.0,0.5112590391895955
dense,none,g03_en,g03,en,,dev,283.84325999991233,hi,hi_only,1.0,0.25,1.0,0.25,1.0,0.25,1.0,0.75,1.0,0.6595629128335778
dense,none,g03_hi,g03,hi,,dev,278.01087200009533,hi,all,1.0,0.16666666666666666,1.0,0.3333333333333333,1.0,0.5,1.0,0.5,1.0,0.5709662133861837
dense,none,g03_hi,g03,hi,,dev,278.01087200009533,hi,hi_only,1.0,0.25,1.0,0.5,1.0,0.75,1.0,0.75,1.0,0.7365896932159578
dense,none,g03_hing_base,g03,hinglish,base,dev,294.2956159999994,en,all,0.0,0.0,1.0,0.16666666666666666,1.0,0.16666666666666666,1.0,0.16666666666666666,0.5,0.19092086617893467
dense,none,g03_hing_base,g03,hinglish,base,dev,294.2956159999994,en,hi_only,0.0,0.0,1.0,0.25,1.0,0.25,1.0,0.25,0.5,0.24630238874073
dense,none,g03_hing_vowel2x,g03,hinglish,vowel2x,dev,426.20245500006604,en,all,0.0,0.0,1.0,0.16666666666666666,1.0,0.16666666666666666,1.0,0.3333333333333333,0.5,0.28201326940239274
dense,none,g03_hing_vowel2x,g03,hinglish,vowel2x,dev,426.20245500006604,en,hi_only,0.0,0.0,1.0,0.25,1.0,0.25,1.0,0.5,0.5,0.3638184934971571
dense,none,g03_hing_lower,g03,hinglish,lower,dev,418.29402799999116,en,all,0.0,0.0,1.0,0.16666666666666666,1.0,0.16666666666666666,1.0,0.16666666666666666,0.3333333333333333,0.15130120674940672
dense,none,g03_hing_lower,g03,hinglish,lower,dev,418.29402799999116,en,hi_only,0.0,0.0,1.0,0.25,1.0,0.25,1.0,0.25,0.3333333333333333,0.19519002499605084
dense,none,g03_hing_he_for_hai,g03,hinglish,he_for_hai,dev,278.6612630000036,en,all,0.0,0.0,1.0,0.16666666666666666,1.0,0.16666666666666666,1.0,0.16666666666666666,0.5,0.19092086617893467
dense,none,g03_hing_he_for_hai,g03,hinglish,he_for_hai,dev,278.6612630000036,en,hi_only,0.0,0.0,1.0,0.25,1.0,0.25,1.0,0.25,0.5,0.24630238874073
dense,none,g04_en,g04,en,,dev,298.477604000027,en,all,1.0,0.3333333333333333,1.0,1.0,1.0,1.0,1.0,1.0,1.0,1.0
dense,none,g04_en,g04,en,,dev,298.477604000027,en,hi_only,0.0,0.0,1.0,1.0,1.0,1.0,1.0,1.0,0.3333333333333333,0.5
dense,none,g04_hi,g04,hi,,dev,284.7012879999511,hi,all,1.0,0.3333333333333333,1.0,0.6666666666666666,1.0,1.0,1.0,1.0,1.0,0.9060254355346823
dense,none,g04_hi,g04,hi,,dev,284.7012879999511,hi,hi_only,1.0,1.0,1.0,1.0,1.0,1.0,1.0,1.0,1.0,1.0
dense,none,g04_hing_base,g04,hinglish,base,dev,279.97707899999114,en,all,1.0,0.3333333333333333,1.0,0.6666666666666666,1.0,0.6666666666666666,1.0,1.0,1.0,0.9325210919548239
dense,none,g04_hing_base,g04,hinglish,base,dev,279.97707899999114,en,hi_only,0.0,0.0,0.0,0.0,0.0,0.0,1.0,1.0,0.16666666666666666,0.3562071871080222
dense,none,g04_hing_vowel2x,g04,hinglish,vowel2x,dev,299.0766770001301,en,all,1.0,0.3333333333333333,1.0,0.6666666666666666,1.0,1.0,1.0,1.0,1.0,0.9674679834891693
dense,none,g04_hing_vowel2x,g04,hinglish,vowel2x,dev,299.0766770001301,en,hi_only,0.0,0.0,1.0,1.0,1.0,1.0,1.0,1.0,0.5,0.6309297535714575
dense,none,g04_hing_lower,g04,hinglish,lower,dev,286.82050100019296,en,all,1.0,0.3333333333333333,1.0,0.6666666666666666,1.0,1.0,1.0,1.0,1.0,0.9469024295259745
dense,none,g04_hing_lower,g04,hinglish,lower,dev,286.82050100019296,en,hi_only,0.0,0.0,1.0,1.0,1.0,1.0,1.0,1.0,0.5,0.6309297535714575
dense,none,g04_hing_he_for_hai,g04,hinglish,he_for_hai,dev,291.0442340000827,en,all,1.0,0.3333333333333333,1.0,0.6666666666666666,1.0,1.0,1.0,1.0,1.0,0.9060254355346823
dense,none,g04_hing_he_for_hai,g04,hinglish,he_for_hai,dev,291.0442340000827,en,hi_only,0.0,0.0,1.0,1.0,1.0,1.0,1.0,1.0,0.3333333333333333,0.5
dense,none,g05_en,g05,en,,test,285.9917480000149,en,all,1.0,0.2,1.0,0.6,1.0,0.6,1.0,0.8,1.0,0.8248239677678635
dense,none,g05_en,g05,en,,test,285.9917480000149,en,hi_only,0.0,0.0,1.0,0.5,1.0,0.5,1.0,0.75,0.5,0.559008518493208
dense,none,g05_hi,g05,hi,,test,283.59994500010544,hi,all,1.0,0.2,1.0,0.6,1.0,1.0,1.0,1.0,1.0,1.0
dense,none,g05_hi,g05,hi,,test,283.59994500010544,hi,hi_only,1.0,0.25,1.0,0.75,1.0,1.0,1.0,1.0,1.0,0.9828920819566879
dense,none,g05_hing_base,g05,hinglish,base,test,288.3535610001218,en,all,1.0,0.2,1.0,0.4,1.0,0.4,1.0,0.6,1.0,0.6217937096682962
dense,none,g05_hing_base,g05,hinglish,base,test,288.3535610001218,en,hi_only,0.0,0.0,1.0,0.25,1.0,0.25,1.0,0.5,0.3333333333333333,0.32531670832675136
dense,none,g05_hing_vowel2x,g05,hinglish,vowel2x,test,304.85983899984603,en,all,1.0,0.2,1.0,0.2,1.0,0.4,1.0,0.6,1.0,0.5922216874835863
dense,none,g05_hing_vowel2x,g05,hinglish,vowel2x,test,304.85983899984603,en,hi_only,0.0,0.0,0.0,0.0,1.0,0.25,1.0,0.5,0.25,0.29127873064148246
dense,none,g05_hing_lower,g05,hinglish,lower,test,429.3284479999784,en,all,1.0,0.2,1.0,0.2,1.0,0.4,1.0,0.6,1.0,0.5832678409476796
dense,none,g05_hing_lower,g05,hinglish,lower,test,429.3284479999784,en,hi_only,0.0,0.0,0.0,0.0,1.0,0.25,1.0,0.5,0.25,0.28097267762005274
dense,none,g05_hing_he_for_hai,g05,hinglish,he_for_hai,test,411.07043600004545,en,all,1.0,0.2,1.0,0.4,1.0,0.6,1.0,0.6,1.0,0.6548086577531307
dense,none,g05_hing_he_for_hai,g05,hinglish,he_for_hai,test,411.07043600004545,en,hi_only,0.0,0.0,1.0,0.25,1.0,0.5,1.0,0.5,0.3333333333333333,0.36331756126716835
dense,none,g06_en,g06,en,,test,402.59113199999774,en,all,1.0,1.0,1.0,1.0,1.0,1.0,1.0,1.0,1.0,1.0
dense,none,g06_hi,g06,hi,,test,287.4880070000927,hi,all,0.0,0.0,1.0,1.0,1.0,1.0,1.0,1.0,0.5,0.6309297535714575
dense,none,g06_hing_base,g06,hinglish,base,test,287.7315279999948,en,all,1.0,1.0,1.0,1.0,1.0,1.0,1.0,1.0,1.0,1.0
dense,none,g06_hing_vowel2x,g06,hinglish,vowel2x,test,297.35274799986655,en,all,1.0,1.0,1.0,1.0,1.0,1.0,1.0,1.0,1.0,1.0
dense,none,g06_hing_lower,g06,hinglish,lower,test,289.8678449998897,en,all,0.0,0.0,0.0,0.0,1.0,1.0,1.0,1.0,0.2,0.38685280723454163
dense,none,g06_hing_he_for_hai,g06,hinglish,he_for_hai,test,287.6086370001758,en,all,1.0,1.0,1.0,1.0,1.0,1.0,1.0,1.0,1.0,1.0
hybrid RRF,none,g01_en,g01,en,,test,284.5225669998399,en,all,1.0,0.16666666666666666,1.0,0.3333333333333333,1.0,0.3333333333333333,1.0,0.3333333333333333,1.0,0.4935232796777481
hybrid RRF,none,g01_en,g01,en,,test,284.5225669998399,en,hi_only,0.0,0.0,0.0,0.0,0.0,0.0,0.0,0.0,0.0,0.0
hybrid RRF,none,g01_hi,g01,hi,,test,285.42672499997934,hi,all,1.0,0.16666666666666666,1.0,0.16666666666666666,1.0,0.16666666666666666,1.0,0.16666666666666666,1.0,0.30260241349881345
hybrid RRF,none,g01_hi,g01,hi,,test,285.42672499997934,hi,hi_only,1.0,0.3333333333333333,1.0,0.3333333333333333,1.0,0.3333333333333333,1.0,0.3333333333333333,1.0,0.46927872602275644
hybrid RRF,none,g01_hing_base,g01,hinglish,base,test,280.8164200000647,en,all,1.0,0.16666666666666666,1.0,0.3333333333333333,1.0,0.3333333333333333,1.0,0.3333333333333333,1.0,0.4539036202482202
hybrid RRF,none,g01_hing_base,g01,hinglish,base,test,280.8164200000647,en,hi_only,0.0,0.0,0.0,0.0,0.0,0.0,0.0,0.0,0.0,0.0
hybrid RRF,none,g01_hing_vowel2x,g01,hinglish,vowel2x,test,296.49358099982237,en,all,0.0,0.0,1.0,0.3333333333333333,1.0,0.3333333333333333,1.0,0.3333333333333333,0.5,0.3422220729283414
hybrid RRF,none,g01_hing_vowel2x,g01,hinglish,vowel2x,test,296.49358099982237,en,hi_only,0.0,0.0,0.0,0.0,0.0,0.0,0.0,0.0,0.0,0.0
hybrid RRF,none,g01_hing_lower,g01,hinglish,lower,test,308.6081789999753,en,all,1.0,0.16666666666666666,1.0,0.3333333333333333,1.0,0.3333333333333333,1.0,0.3333333333333333,1.0,0.4539036202482202
hybrid RRF,none,g01_hing_lower,g01,hinglish,lower,test,308.6081789999753,en,hi_only,0.0,0.0,0.0,0.0,0.0,0.0,0.0,0.0,0.0,0.0
hybrid RRF,none,g01_hing_he_for_hai,g01,hinglish,he_for_hai,test,279.5008730001882,en,all,1.0,0.16666666666666666,1.0,0.16666666666666666,1.0,0.3333333333333333,1.0,0.3333333333333333,1.0,0.4329261794091841
hybrid RRF,none,g01_hing_he_for_hai,g01,hinglish,he_for_hai,test,279.5008730001882,en,hi_only,0.0,0.0,0.0,0.0,0.0,0.0,0.0,0.0,0.0,0.0
hybrid RRF,none,g02_en,g02,en,,dev,422.2321180000108,en,all,1.0,0.1,1.0,0.2,1.0,0.2,1.0,0.4,1.0,0.48882922182497546
hybrid RRF,none,g02_en,g02,en,,dev,422.2321180000108,en,hi_only,0.0,0.0,0.0,0.0,0.0,0.0,1.0,0.16666666666666666,0.1111111111111111,0.09109240322345806
hybrid RRF,none,g02_hi,g02,hi,,dev,410.0506019999557,hi,all,1.0,0.1,1.0,0.2,1.0,0.2,1.0,0.5,1.0,0.5621931439243354
hybrid RRF,none,g02_hi,g02,hi,,dev,410.0506019999557,hi,hi_only,1.0,0.16666666666666666,1.0,0.3333333333333333,1.0,0.3333333333333333,1.0,0.8333333333333334,1.0,0.7729548681688855
hybrid RRF,none,g02_hing_base,g02,hinglish,base,dev,300.86091799989845,en,all,0.0,0.0,1.0,0.1,1.0,0.2,1.0,0.4,0.3333333333333333,0.33798414482679834
hybrid RRF,none,g02_hing_base,g02,hinglish,base,dev,300.86091799989845,en,hi_only,0.0,0.0,0.0,0.0,0.0,0.0,1.0,0.16666666666666666,0.125,0.09546043308946733
hybrid RRF,none,g02_hing_vowel2x,g02,hinglish,vowel2x,dev,323.698166999975,en,all,0.0,0.0,1.0,0.1,1.0,0.1,1.0,0.3,0.3333333333333333,0.24703059344735182
hybrid RRF,none,g02_hing_vowel2x,g02,hinglish,vowel2x,dev,323.698166999975,en,hi_only,0.0,0.0,0.0,0.0,0.0,0.0,1.0,0.16666666666666666,0.1,0.0874717141014082
hybrid RRF,none,g02_hing_lower,g02,hinglish,lower,dev,291.81723700003204,en,all,0.0,0.0,1.0,0.1,1.0,0.1,1.0,0.4,0.3333333333333333,0.3280622976814645
hybrid RRF,none,g02_hing_lower,g02,hinglish,lower,dev,291.81723700003204,en,hi_only,0.0,0.0,0.0,0.0,0.0,0.0,1.0,0.16666666666666666,0.16666666666666666,0.10778915452451093
hybrid RRF,none,g02_hing_he_for_hai,g02,hinglish,he_for_hai,dev,309.95188700012477,en,all,0.0,0.0,1.0,0.1,1.0,0.1,1.0,0.4,0.3333333333333333,0.3280622976814645
hybrid RRF,none,g02_hing_he_for_hai,g02,hinglish,he_for_hai,dev,309.95188700012477,en,hi_only,0.0,0.0,0.0,0.0,0.0,0.0,1.0,0.16666666666666666,0.16666666666666666,0.10778915452451093
hybrid RRF,none,g03_en,g03,en,,dev,293.18005999994057,en,all,0.0,0.0,0.0,0.0,1.0,0.16666666666666666,1.0,0.16666666666666666,0.2,0.11706259313796354
hybrid RRF,none,g03_en,g03,en,,dev,293.18005999994057,en,hi_only,0.0,0.0,0.0,0.0,0.0,0.0,0.0,0.0,0.0,0.0
hybrid RRF,none,g03_hi,g03,hi,,dev,288.4654709998813,hi,all,1.0,0.16666666666666666,1.0,0.16666666666666666,1.0,0.3333333333333333,1.0,0.5,1.0,0.5283866124986514
hybrid RRF,none,g03_hi,g03,hi,,dev,288.4654709998813,hi,hi_only,1.0,0.25,1.0,0.25,1.0,0.5,1.0,0.75,1.0,0.6816587806335841
hybrid RRF,none,g03_hing_base,g03,hinglish,base,dev,290.1255949998358,en,all,0.0,0.0,0.0,0.0,0.0,0.0,0.0,0.0,0.0,0.0
hybrid RRF,none,g03_hing_base,g03,hinglish,base,dev,290.1255949998358,en,hi_only,0.0,0.0,0.0,0.0,0.0,0.0,0.0,0.0,0.0,0.0
hybrid RRF,none,g03_hing_vowel2x,g03,hinglish,vowel2x,dev,297.89121799990426,en,all,0.0,0.0,0.0,0.0,0.0,0.0,0.0,0.0,0.0,0.0
hybrid RRF,none,g03_hing_vowel2x,g03,hinglish,vowel2x,dev,297.89121799990426,en,hi_only,0.0,0.0,0.0,0.0,0.0,0.0,0.0,0.0,0.0,0.0
hybrid RRF,none,g03_hing_lower,g03,hinglish,lower,dev,295.09971700008464,en,all,0.0,0.0,0.0,0.0,0.0,0.0,0.0,0.0,0.0,0.0
hybrid RRF,none,g03_hing_lower,g03,hinglish,lower,dev,295.09971700008464,en,hi_only,0.0,0.0,0.0,0.0,0.0,0.0,0.0,0.0,0.0,0.0
hybrid RRF,none,g03_hing_he_for_hai,g03,hinglish,he_for_hai,dev,280.43233700009296,en,all,0.0,0.0,0.0,0.0,0.0,0.0,0.0,0.0,0.0,0.0
hybrid RRF,none,g03_hing_he_for_hai,g03,hinglish,he_for_hai,dev,280.43233700009296,en,hi_only,0.0,0.0,0.0,0.0,0.0,0.0,0.0,0.0,0.0,0.0
hybrid RRF,none,g04_en,g04,en,,dev,286.8145239999649,en,all,1.0,0.3333333333333333,1.0,0.6666666666666666,1.0,0.6666666666666666,1.0,0.6666666666666666,1.0,0.7653606369886217
hybrid RRF,none,g04_en,g04,en,,dev,286.8145239999649,en,hi_only,0.0,0.0,0.0,0.0,0.0,0.0,0.0,0.0,0.0,0.0
hybrid RRF,none,g04_hi,g04,hi,,dev,380.4663790001541,hi,all,1.0,0.3333333333333333,1.0,0.3333333333333333,1.0,0.3333333333333333,1.0,0.3333333333333333,1.0,0.46927872602275644
hybrid RRF,none,g04_hi,g04,hi,,dev,380.4663790001541,hi,hi_only,1.0,1.0,1.0,1.0,1.0,1.0,1.0,1.0,1.0,1.0
hybrid RRF,none,g04_hing_base,g04,hinglish,base,dev,396.9244739998885,en,all,1.0,0.3333333333333333,1.0,0.6666666666666666,1.0,0.6666666666666666,1.0,0.6666666666666666,1.0,0.7039180890341347
hybrid RRF,none,g04_hing_base,g04,hinglish,base,dev,396.9244739998885,en,hi_only,0.0,0.0,0.0,0.0,0.0,0.0,0.0,0.0,0.0,0.0
hybrid RRF,none,g04_hing_vowel2x,g04,hinglish,vowel2x,dev,423.66825099998096,en,all,1.0,0.3333333333333333,1.0,0.3333333333333333,1.0,0.6666666666666666,1.0,0.6666666666666666,1.0,0.6508205185601091
hybrid RRF,none,g04_hing_vowel2x,g04,hinglish,vowel2x,dev,423.66825099998096,en,hi_only,0.0,0.0,0.0,0.0,0.0,0.0,0.0,0.0,0.0,0.0
hybrid RRF,none,g04_hing_lower,g04,hinglish,lower,dev,288.83693600005245,en,all,1.0,0.3333333333333333,1.0,0.3333333333333333,1.0,0.6666666666666666,1.0,0.6666666666666666,1.0,0.6713860725233041
hybrid RRF,none,g04_hing_lower,g04,hinglish,lower,dev,288.83693600005245,en,hi_only,0.0,0.0,0.0,0.0,0.0,0.0,0.0,0.0,0.0,0.0
hybrid RRF,none,g04_hing_he_for_hai,g04,hinglish,he_for_hai,dev,285.82272499988903,en,all,1.0,0.3333333333333333,1.0,0.6666666666666666,1.0,0.6666666666666666,1.0,0.6666666666666666,1.0,0.7653606369886217
hybrid RRF,none,g04_hing_he_for_hai,g04,hinglish,he_for_hai,dev,285.82272499988903,en,hi_only,0.0,0.0,0.0,0.0,0.0,0.0,0.0,0.0,0.0,0.0
hybrid RRF,none,g05_en,g05,en,,test,288.8017729999319,en,all,1.0,0.2,1.0,0.2,1.0,0.2,1.0,0.4,1.0,0.45221360703148816
hybrid RRF,none,g05_en,g05,en,,test,288.8017729999319,en,hi_only,0.0,0.0,0.0,0.0,0.0,0.0,1.0,0.25,0.14285714285714285,0.13012668333070054
hybrid RRF,none,g05_hi,g05,hi,,test,296.2531460000264,hi,all,1.0,0.2,1.0,0.6,1.0,0.6,1.0,0.8,1.0,0.8357799744028239
hybrid RRF,none,g05_hi,g05,hi,,test,296.2531460000264,hi,hi_only,1.0,0.25,1.0,0.75,1.0,0.75,1.0,1.0,1.0,0.9619991470595832
hybrid RRF,none,g05_hing_base,g05,hinglish,base,test,284.5102570001927,en,all,1.0,0.2,1.0,0.2,1.0,0.2,1.0,0.4,1.0,0.45221360703148816
hybrid RRF,none,g05_hing_base,g05,hinglish,base,test,284.5102570001927,en,hi_only,0.0,0.0,0.0,0.0,0.0,0.0,1.0,0.25,0.14285714285714285,0.13012668333070054
hybrid RRF,none,g05_hing_vowel2x,g05,hinglish,vowel2x,test,310.81645999984175,en,all,1.0,0.2,1.0,0.2,1.0,0.2,1.0,0.4,1.0,0.45221360703148816
hybrid RRF,none,g05_hing_vowel2x,g05,hinglish,vowel2x,test,310.81645999984175,en,hi_only,0.0,0.0,0.0,0.0,0.0,0.0,1.0,0.25,0.14285714285714285,0.13012668333070054
hybrid RRF,none,g05_hing_lower,g05,hinglish,lower,test,310.9039720000055,en,all,1.0,0.2,1.0,0.2,1.0,0.2,1.0,0.4,1.0,0.4599715079731103
hybrid RRF,none,g05_hing_lower,g05,hinglish,lower,test,310.9039720000055,en,hi_only,0.0,0.0,0.0,0.0,0.0,0.0,1.0,0.25,0.16666666666666666,0.13905617951077562
hybrid RRF,none,g05_hing_he_for_hai,g05,hinglish,he_for_hai,test,283.70700000004945,en,all,1.0,0.2,1.0,0.2,1.0,0.2,1.0,0.4,1.0,0.45221360703148816
hybrid RRF,none,g05_hing_he_for_hai,g05,hinglish,he_for_hai,test,283.70700000004945,en,hi_only,0.0,0.0,0.0,0.0,0.0,0.0,1.0,0.25,0.14285714285714285,0.13012668333070054
hybrid RRF,none,g06_en,g06,en,,test,281.9822960000238,en,all,1.0,1.0,1.0,1.0,1.0,1.0,1.0,1.0,1.0,1.0
hybrid RRF,none,g06_hi,g06,hi,,test,286.5834189999532,hi,all,0.0,0.0,0.0,0.0,0.0,0.0,0.0,0.0,0.0,0.0
hybrid RRF,none,g06_hing_base,g06,hinglish,base,test,278.89677300004223,en,all,1.0,1.0,1.0,1.0,1.0,1.0,1.0,1.0,1.0,1.0
hybrid RRF,none,g06_hing_vowel2x,g06,hinglish,vowel2x,test,438.5500119999506,en,all,1.0,1.0,1.0,1.0,1.0,1.0,1.0,1.0,1.0,1.0
hybrid RRF,none,g06_hing_lower,g06,hinglish,lower,test,414.41143700012617,en,all,1.0,1.0,1.0,1.0,1.0,1.0,1.0,1.0,1.0,1.0
hybrid RRF,none,g06_hing_he_for_hai,g06,hinglish,he_for_hai,test,289.1270469999654,en,all,1.0,1.0,1.0,1.0,1.0,1.0,1.0,1.0,1.0,1.0
hybrid weighted (alpha=0.5),none,g01_en,g01,en,,test,282.6984440000615,en,all,1.0,0.16666666666666666,1.0,0.3333333333333333,1.0,0.3333333333333333,1.0,0.3333333333333333,1.0,0.4935232796777481
hybrid weighted (alpha=0.5),none,g01_en,g01,en,,test,282.6984440000615,en,hi_only,0.0,0.0,0.0,0.0,0.0,0.0,0.0,0.0,0.0,0.0
hybrid weighted (alpha=0.5),none,g01_hi,g01,hi,,test,286.6562439999143,hi,all,1.0,0.16666666666666666,1.0,0.16666666666666666,1.0,0.16666666666666666,1.0,0.16666666666666666,1.0,0.30260241349881345
hybrid weighted (alpha=0.5),none,g01_hi,g01,hi,,test,286.6562439999143,hi,hi_only,1.0,0.3333333333333333,1.0,0.3333333333333333,1.0,0.3333333333333333,1.0,0.3333333333333333,1.0,0.46927872602275644
hybrid weighted (alpha=0.5),none,g01_hing_base,g01,hinglish,base,test,281.67201399992337,en,all,1.0,0.16666666666666666,1.0,0.3333333333333333,1.0,0.3333333333333333,1.0,0.3333333333333333,1.0,0.4539036202482202
hybrid weighted (alpha=0.5),none,g01_hing_base,g01,hinglish,base,test,281.67201399992337,en,hi_only,0.0,0.0,0.0,0.0,0.0,0.0,0.0,0.0,0.0,0.0
hybrid weighted (alpha=0.5),none,g01_hing_vowel2x,g01,hinglish,vowel2x,test,294.8376910001116,en,all,1.0,0.16666666666666666,1.0,0.3333333333333333,1.0,0.3333333333333333,1.0,0.3333333333333333,1.0,0.4539036202482202
hybrid weighted (alpha=0.5),none,g01_hing_vowel2x,g01,hinglish,vowel2x,test,294.8376910001116,en,hi_only,0.0,0.0,0.0,0.0,0.0,0.0,0.0,0.0,0.0,0.0
hybrid weighted (alpha=0.5),none,g01_hing_lower,g01,hinglish,lower,test,303.58108700011144,en,all,1.0,0.16666666666666666,1.0,0.3333333333333333,1.0,0.3333333333333333,1.0,0.3333333333333333,1.0,0.4539036202482202
hybrid weighted (alpha=0.5),none,g01_hing_lower,g01,hinglish,lower,test,303.58108700011144,en,hi_only,0.0,0.0,0.0,0.0,0.0,0.0,0.0,0.0,0.0,0.0
hybrid weighted (alpha=0.5),none,g01_hing_he_for_hai,g01,hinglish,he_for_hai,test,280.0954679998995,en,all,1.0,0.16666666666666666,1.0,0.16666666666666666,1.0,0.3333333333333333,1.0,0.3333333333333333,1.0,0.4329261794091841
hybrid weighted (alpha=0.5),none,g01_hing_he_for_hai,g01,hinglish,he_for_hai,test,280.0954679998995,en,hi_only,0.0,0.0,0.0,0.0,0.0,0.0,0.0,0.0,0.0,0.0
hybrid weighted (alpha=0.5),none,g02_en,g02,en,,dev,300.8396000000175,en,all,1.0,0.1,1.0,0.2,1.0,0.2,1.0,0.3,1.0,0.42520843362602373
hybrid weighted (alpha=0.5),none,g02_en,g02,en,,dev,300.8396000000175,en,hi_only,0.0,0.0,0.0,0.0,0.0,0.0,1.0,0.16666666666666666,0.1111111111111111,0.09109240322345806
hybrid weighted (alpha=0.5),none,g02_hi,g02,hi,,dev,279.57336999998006,hi,all,1.0,0.1,1.0,0.2,1.0,0.2,1.0,0.4,1.0,0.46001266110046096
hybrid weighted (alpha=0.5),none,g02_hi,g02,hi,,dev,279.57336999998006,hi,hi_only,1.0,0.16666666666666666,1.0,0.3333333333333333,1.0,0.3333333333333333,1.0,0.6666666666666666,1.0,0.6324677375730864
hybrid weighted (alpha=0.5),none,g02_hing_base,g02,hinglish,base,dev,297.8405209998982,en,all,0.0,0.0,1.0,0.1,1.0,0.1,1.0,0.3,0.3333333333333333,0.24309789328476902
hybrid weighted (alpha=0.5),none,g02_hing_base,g02,hinglish,base,dev,297.8405209998982,en,hi_only,0.0,0.0,0.0,0.0,0.0,0.0,1.0,0.16666666666666666,0.1,0.0874717141014082
hybrid weighted (alpha=0.5),none,g02_hing_vowel2x,g02,hinglish,vowel2x,dev,321.2278099999821,en,all,0.0,0.0,1.0,0.1,1.0,0.1,1.0,0.3,0.3333333333333333,0.24573132854020638
hybrid weighted (alpha=0.5),none,g02_hing_vowel2x,g02,hinglish,vowel2x,dev,321.2278099999821,en,hi_only,0.0,0.0,0.0,0.0,0.0,0.0,0.0,0.0,0.0,0.0
hybrid weighted (alpha=0.5),none,g02_hing_lower,g02,hinglish,lower,dev,366.38769699993645,en,all,0.0,0.0,1.0,0.1,1.0,0.1,1.0,0.3,0.3333333333333333,0.24703059344735182
hybrid weighted (alpha=0.5),none,g02_hing_lower,g02,hinglish,lower,dev,366.38769699993645,en,hi_only,0.0,0.0,0.0,0.0,0.0,0.0,1.0,0.16666666666666666,0.14285714285714285,0.10086747116627115
hybrid weighted (alpha=0.5),none,g02_hing_he_for_hai,g02,hinglish,he_for_hai,dev,419.71629799991206,en,all,0.0,0.0,1.0,0.1,1.0,0.1,1.0,0.4,0.3333333333333333,0.3093521167391581
hybrid weighted (alpha=0.5),none,g02_hing_he_for_hai,g02,hinglish,he_for_hai,dev,419.71629799991206,en,hi_only,0.0,0.0,0.0,0.0,0.0,0.0,1.0,0.16666666666666666,0.1111111111111111,0.09109240322345806
hybrid weighted (alpha=0.5),none,g03_en,g03,en,,dev,401.05277899988323,en,all,0.0,0.0,0.0,0.0,1.0,0.16666666666666666,1.0,0.16666666666666666,0.25,0.13032376591037062
hybrid weighted (alpha=0.5),none,g03_en,g03,en,,dev,401.05277899988323,en,hi_only,0.0,0.0,0.0,0.0,0.0,0.0,0.0,0.0,0.0,0.0
hybrid weighted (alpha=0.5),none,g03_hi,g03,hi,,dev,280.6361749999269,hi,all,1.0,0.16666666666666666,1.0,0.16666666666666666,1.0,0.3333333333333333,1.0,0.5,1.0,0.5337936505754552
hybrid weighted (alpha=0.5),none,g03_hi,g03,hi,,dev,280.6361749999269,hi,hi_only,1.0,0.25,1.0,0.25,1.0,0.5,1.0,0.75,1.0,0.6886342695939197
hybrid weighted (alpha=0.5),none,g03_hing_base,g03,hinglish,base,dev,289.2309970000042,en,all,0.0,0.0,0.0,0.0,0.0,0.0,0.0,0.0,0.0,0.0
hybrid weighted (alpha=0.5),none,g03_hing_base,g03,hinglish,base,dev,289.2309970000042,en,hi_only,0.0,0.0,0.0,0.0,0.0,0.0,0.0,0.0,0.0,0.0
hybrid weighted (alpha=0.5),none,g03_hing_vowel2x,g03,hinglish,vowel2x,dev,297.2760650000055,en,all,0.0,0.0,0.0,0.0,0.0,0.0,0.0,0.0,0.0,0.0
hybrid weighted (alpha=0.5),none,g03_hing_vowel2x,g03,hinglish,vowel2x,dev,297.2760650000055,en,hi_only,0.0,0.0,0.0,0.0,0.0,0.0,0.0,0.0,0.0,0.0
hybrid weighted (alpha=0.5),none,g03_hing_lower,g03,hinglish,lower,dev,289.1120740000588,en,all,0.0,0.0,0.0,0.0,0.0,0.0,0.0,0.0,0.0,0.0
hybrid weighted (alpha=0.5),none,g03_hing_lower,g03,hinglish,lower,dev,289.1120740000588,en,hi_only,0.0,0.0,0.0,0.0,0.0,0.0,0.0,0.0,0.0,0.0
hybrid weighted (alpha=0.5),none,g03_hing_he_for_hai,g03,hinglish,he_for_hai,dev,277.6824059999399,en,all,0.0,0.0,0.0,0.0,0.0,0.0,0.0,0.0,0.0,0.0
hybrid weighted (alpha=0.5),none,g03_hing_he_for_hai,g03,hinglish,he_for_hai,dev,277.6824059999399,en,hi_only,0.0,0.0,0.0,0.0,0.0,0.0,0.0,0.0,0.0,0.0
hybrid weighted (alpha=0.5),none,g04_en,g04,en,,dev,276.8288190000021,en,all,1.0,0.3333333333333333,1.0,0.6666666666666666,1.0,0.6666666666666666,1.0,0.6666666666666666,1.0,0.7653606369886217
hybrid weighted (alpha=0.5),none,g04_en,g04,en,,dev,276.8288190000021,en,hi_only,0.0,0.0,0.0,0.0,0.0,0.0,0.0,0.0,0.0,0.0
hybrid weighted (alpha=0.5),none,g04_hi,g04,hi,,dev,279.0101869998125,hi,all,1.0,0.3333333333333333,1.0,0.3333333333333333,1.0,0.3333333333333333,1.0,0.3333333333333333,1.0,0.46927872602275644
hybrid weighted (alpha=0.5),none,g04_hi,g04,hi,,dev,279.0101869998125,hi,hi_only,1.0,1.0,1.0,1.0,1.0,1.0,1.0,1.0,1.0,1.0
hybrid weighted (alpha=0.5),none,g04_hing_base,g04,hinglish,base,dev,279.0473649999967,en,all,1.0,0.3333333333333333,1.0,0.3333333333333333,1.0,0.6666666666666666,1.0,0.6666666666666666,1.0,0.6713860725233041
hybrid weighted (alpha=0.5),none,g04_hing_base,g04,hinglish,base,dev,279.0473649999967,en,hi_only,0.0,0.0,0.0,0.0,0.0,0.0,0.0,0.0,0.0,0.0
hybrid weighted (alpha=0.5),none,g04_hing_vowel2x,g04,hinglish,vowel2x,dev,323.1028680002055,en,all,1.0,0.3333333333333333,1.0,0.3333333333333333,1.0,0.6666666666666666,1.0,0.6666666666666666,1.0,0.6508205185601091
hybrid weighted (alpha=0.5),none,g04_hing_vowel2x,g04,hinglish,vowel2x,dev,323.1028680002055,en,hi_only,0.0,0.0,0.0,0.0,0.0,0.0,0.0,0.0,0.0,0.0
hybrid weighted (alpha=0.5),none,g04_hing_lower,g04,hinglish,lower,dev,292.01811100006125,en,all,1.0,0.3333333333333333,1.0,0.3333333333333333,1.0,0.6666666666666666,1.0,0.6666666666666666,1.0,0.6713860725233041
hybrid weighted (alpha=0.5),none,g04_hing_lower,g04,hinglish,lower,dev,292.01811100006125,en,hi_only,0.0,0.0,0.0,0.0,0.0,0.0,0.0,0.0,0.0,0.0
hybrid weighted (alpha=0.5),none,g04_hing_he_for_hai,g04,hinglish,he_for_hai,dev,280.26238600000397,en,all,1.0,0.3333333333333333,1.0,0.6666666666666666,1.0,0.6666666666666666,1.0,0.6666666666666666,1.0,0.7653606369886217
hybrid weighted (alpha=0.5),none,g04_hing_he_for_hai,g04,hinglish,he_for_hai,dev,280.26238600000397,en,hi_only,0.0,0.0,0.0,0.0,0.0,0.0,0.0,0.0,0.0,0.0
hybrid weighted (alpha=0.5),none,g05_en,g05,en,,test,417.8001579998636,en,all,1.0,0.2,1.0,0.2,1.0,0.2,1.0,0.4,1.0,0.45221360703148816
hybrid weighted (alpha=0.5),none,g05_en,g05,en,,test,417.8001579998636,en,hi_only,0.0,0.0,0.0,0.0,0.0,0.0,1.0,0.25,0.14285714285714285,0.13012668333070054
hybrid weighted (alpha=0.5),none,g05_hi,g05,hi,,test,383.52243300005284,hi,all,1.0,0.2,1.0,0.6,1.0,0.6,1.0,0.8,1.0,0.8357799744028239
hybrid weighted (alpha=0.5),none,g05_hi,g05,hi,,test,383.52243300005284,hi,hi_only,1.0,0.25,1.0,0.75,1.0,0.75,1.0,1.0,1.0,0.9619991470595832
hybrid weighted (alpha=0.5),none,g05_hing_base,g05,hinglish,base,test,328.74146600011045,en,all,1.0,0.2,1.0,0.2,1.0,0.2,1.0,0.4,1.0,0.44615333764087994
hybrid weighted (alpha=0.5),none,g05_hing_base,g05,hinglish,base,test,328.74146600011045,en,hi_only,0.0,0.0,0.0,0.0,0.0,0.0,1.0,0.25,0.125,0.123151194370365
hybrid weighted (alpha=0.5),none,g05_hing_vowel2x,g05,hinglish,vowel2x,test,303.63462299987987,en,all,1.0,0.2,1.0,0.2,1.0,0.2,1.0,0.4,1.0,0.4371994911049732
hybrid weighted (alpha=0.5),none,g05_hing_vowel2x,g05,hinglish,vowel2x,test,303.63462299987987,en,hi_only,0.0,0.0,0.0,0.0,0.0,0.0,1.0,0.25,0.1,0.11284514134893527
hybrid weighted (alpha=0.5),none,g05_hing_lower,g05,hinglish,lower,test,315.3961090001758,en,all,1.0,0.2,1.0,0.2,1.0,0.2,1.0,0.4,1.0,0.44615333764087994
hybrid weighted (alpha=0.5),none,g05_hing_lower,g05,hinglish,lower,test,315.3961090001758,en,hi_only,0.0,0.0,0.0,0.0,0.0,0.0,1.0,0.25,0.125,0.123151194370365
hybrid weighted (alpha=0.5),none,g05_hing_he_for_hai,g05,hinglish,he_for_hai,test,289.38848699999653,en,all,1.0,0.2,1.0,0.2,1.0,0.2,1.0,0.4,1.0,0.4412576003965278
hybrid weighted (alpha=0.5),none,g05_hing_he_for_hai,g05,hinglish,he_for_hai,test,289.38848699999653,en,hi_only,0.0,0.0,0.0,0.0,0.0,0.0,1.0,0.25,0.1111111111111111,0.11751610475642714
hybrid weighted (alpha=0.5),none,g06_en,g06,en,,test,282.51183199995467,en,all,1.0,1.0,1.0,1.0,1.0,1.0,1.0,1.0,1.0,1.0
hybrid weighted (alpha=0.5),none,g06_hi,g06,hi,,test,281.01172499987115,hi,all,0.0,0.0,0.0,0.0,0.0,0.0,0.0,0.0,0.0,0.0
hybrid weighted (alpha=0.5),none,g06_hing_base,g06,hinglish,base,test,282.6695749999999,en,all,1.0,1.0,1.0,1.0,1.0,1.0,1.0,1.0,1.0,1.0
hybrid weighted (alpha=0.5),none,g06_hing_vowel2x,g06,hinglish,vowel2x,test,300.50476900009926,en,all,1.0,1.0,1.0,1.0,1.0,1.0,1.0,1.0,1.0,1.0
hybrid weighted (alpha=0.5),none,g06_hing_lower,g06,hinglish,lower,test,286.318706999964,en,all,1.0,1.0,1.0,1.0,1.0,1.0,1.0,1.0,1.0,1.0
hybrid weighted (alpha=0.5),none,g06_hing_he_for_hai,g06,hinglish,he_for_hai,test,280.6408339999962,en,all,1.0,1.0,1.0,1.0,1.0,1.0,1.0,1.0,1.0,1.0
bm25 raw,spelling_canon,g01_en,g01,en,,test,1.695349000101487,en,all,0.0,0.0,1.0,0.3333333333333333,1.0,0.3333333333333333,1.0,0.3333333333333333,0.5,0.3422220729283414
bm25 raw,spelling_canon,g01_en,g01,en,,test,1.695349000101487,en,hi_only,0.0,0.0,0.0,0.0,0.0,0.0,0.0,0.0,0.0,0.0
bm25 raw,spelling_canon,g01_hi,g01,hi,,test,0.5023789999540895,hi,all,1.0,0.16666666666666666,1.0,0.16666666666666666,1.0,0.16666666666666666,1.0,0.16666666666666666,1.0,0.30260241349881345
bm25 raw,spelling_canon,g01_hi,g01,hi,,test,0.5023789999540895,hi,hi_only,1.0,0.3333333333333333,1.0,0.3333333333333333,1.0,0.3333333333333333,1.0,0.3333333333333333,1.0,0.46927872602275644
bm25 raw,spelling_canon,g01_hing_base,g01,hinglish,base,test,0.8325119999881281,en,all,1.0,0.16666666666666666,1.0,0.16666666666666666,1.0,0.16666666666666666,1.0,0.3333333333333333,1.0,0.4103915680233244
bm25 raw,spelling_canon,g01_hing_base,g01,hinglish,base,test,0.8325119999881281,en,hi_only,0.0,0.0,0.0,0.0,0.0,0.0,0.0,0.0,0.0,0.0
bm25 raw,spelling_canon,g01_hing_vowel2x,g01,hinglish,vowel2x,test,0.8255709999502869,en,all,1.0,0.16666666666666666,1.0,0.16666666666666666,1.0,0.16666666666666666,1.0,0.3333333333333333,1.0,0.4103915680233244
bm25 raw,spelling_canon,g01_hing_vowel2x,g01,hinglish,vowel2x,test,0.8255709999502869,en,hi_only,0.0,0.0,0.0,0.0,0.0,0.0,0.0,0.0,0.0,0.0
bm25 raw,spelling_canon,g01_hing_lower,g01,hinglish,lower,test,0.4211079999549838,en,all,1.0,0.16666666666666666,1.0,0.16666666666666666,1.0,0.16666666666666666,1.0,0.3333333333333333,1.0,0.4103915680233244
bm25 raw,spelling_canon,g01_hing_lower,g01,hinglish,lower,test,0.4211079999549838,en,hi_only,0.0,0.0,0.0,0.0,0.0,0.0,0.0,0.0,0.0,0.0
bm25 raw,spelling_canon,g01_hing_he_for_hai,g01,hinglish,he_for_hai,test,0.8688999998867075,en,all,0.0,0.0,0.0,0.0,1.0,0.16666666666666666,1.0,0.3333333333333333,0.2,0.20453430723937174
bm25 raw,spelling_canon,g01_hing_he_for_hai,g01,hinglish,he_for_hai,test,0.8688999998867075,en,hi_only,0.0,0.0,0.0,0.0,0.0,0.0,0.0,0.0,0.0,0.0
bm25 raw,spelling_canon,g02_en,g02,en,,dev,1.2081969998689601,en,all,1.0,0.1,1.0,0.2,1.0,0.2,1.0,0.2,1.0,0.3589542101716347
bm25 raw,spelling_canon,g02_en,g02,en,,dev,1.2081969998689601,en,hi_only,0.0,0.0,0.0,0.0,0.0,0.0,0.0,0.0,0.0,0.0
bm25 raw,spelling_canon,g02_hi,g02,hi,,dev,0.5283539999254572,hi,all,1.0,0.1,1.0,0.1,1.0,0.2,1.0,0.3,1.0,0.3746661058764784
bm25 raw,spelling_canon,g02_hi,g02,hi,,dev,0.5283539999254572,hi,hi_only,1.0,0.16666666666666666,1.0,0.16666666666666666,1.0,0.3333333333333333,1.0,0.5,1.0,0.5151254397262444
bm25 raw,spelling_canon,g02_hing_base,g02,hinglish,base,dev,0.8023039999898174,en,all,0.0,0.0,0.0,0.0,1.0,0.1,1.0,0.2,0.2,0.15457433957839825
bm25 raw,spelling_canon,g02_hing_base,g02,hinglish,base,dev,0.8023039999898174,en,hi_only,0.0,0.0,0.0,0.0,0.0,0.0,0.0,0.0,0.0,0.0
bm25 raw,spelling_canon,g02_hing_vowel2x,g02,hinglish,vowel2x,dev,0.822506999838879,en,all,0.0,0.0,0.0,0.0,1.0,0.1,1.0,0.2,0.2,0.15457433957839825
bm25 raw,spelling_canon,g02_hing_vowel2x,g02,hinglish,vowel2x,dev,0.822506999838879,en,hi_only,0.0,0.0,0.0,0.0,0.0,0.0,0.0,0.0,0.0,0.0
bm25 raw,spelling_canon,g02_hing_lower,g02,hinglish,lower,dev,0.4129300000386138,en,all,0.0,0.0,0.0,0.0,1.0,0.1,1.0,0.2,0.2,0.15457433957839825
bm25 raw,spelling_canon,g02_hing_lower,g02,hinglish,lower,dev,0.4129300000386138,en,hi_only,0.0,0.0,0.0,0.0,0.0,0.0,0.0,0.0,0.0,0.0
bm25 raw,spelling_canon,g02_hing_he_for_hai,g02,hinglish,he_for_hai,dev,0.8460169999580103,en,all,0.0,0.0,0.0,0.0,1.0,0.1,1.0,0.2,0.2,0.15457433957839825
bm25 raw,spelling_canon,g02_hing_he_for_hai,g02,hinglish,he_for_hai,dev,0.8460169999580103,en,hi_only,0.0,0.0,0.0,0.0,0.0,0.0,0.0,0.0,0.0,0.0
bm25 raw,spelling_canon,g03_en,g03,en,,dev,1.101929000014934,en,all,0.0,0.0,0.0,0.0,0.0,0.0,1.0,0.16666666666666666,0.125,0.09546043308946733
bm25 raw,spelling_canon,g03_en,g03,en,,dev,1.101929000014934,en,hi_only,0.0,0.0,0.0,0.0,0.0,0.0,0.0,0.0,0.0,0.0
bm25 raw,spelling_canon,g03_hi,g03,hi,,dev,0.4949789999955101,hi,all,1.0,0.16666666666666666,1.0,0.16666666666666666,1.0,0.3333333333333333,1.0,0.3333333333333333,1.0,0.41966500663677697
bm25 raw,spelling_canon,g03_hi,g03,hi,,dev,0.4949789999955101,hi,hi_only,1.0,0.25,1.0,0.25,1.0,0.5,1.0,0.5,1.0,0.5413996682199069
bm25 raw,spelling_canon,g03_hing_base,g03,hinglish,base,dev,0.9116200001244579,en,all,0.0,0.0,0.0,0.0,0.0,0.0,0.0,0.0,0.0,0.0
bm25 raw,spelling_canon,g03_hing_base,g03,hinglish,base,dev,0.9116200001244579,en,hi_only,0.0,0.0,0.0,0.0,0.0,0.0,0.0,0.0,0.0,0.0
bm25 raw,spelling_canon,g03_hing_vowel2x,g03,hinglish,vowel2x,dev,0.8472179999898799,en,all,0.0,0.0,0.0,0.0,0.0,0.0,0.0,0.0,0.0,0.0
bm25 raw,spelling_canon,g03_hing_vowel2x,g03,hinglish,vowel2x,dev,0.8472179999898799,en,hi_only,0.0,0.0,0.0,0.0,0.0,0.0,0.0,0.0,0.0,0.0
bm25 raw,spelling_canon,g03_hing_lower,g03,hinglish,lower,dev,0.40765099993222975,en,all,0.0,0.0,0.0,0.0,0.0,0.0,0.0,0.0,0.0,0.0
bm25 raw,spelling_canon,g03_hing_lower,g03,hinglish,lower,dev,0.40765099993222975,en,hi_only,0.0,0.0,0.0,0.0,0.0,0.0,0.0,0.0,0.0,0.0
bm25 raw,spelling_canon,g03_hing_he_for_hai,g03,hinglish,he_for_hai,dev,0.8682359998601896,en,all,0.0,0.0,1.0,0.16666666666666666,1.0,0.16666666666666666,1.0,0.16666666666666666,0.5,0.19092086617893467
bm25 raw,spelling_canon,g03_hing_he_for_hai,g03,hinglish,he_for_hai,dev,0.8682359998601896,en,hi_only,0.0,0.0,0.0,0.0,0.0,0.0,0.0,0.0,0.0,0.0
bm25 raw,spelling_canon,g04_en,g04,en,,dev,1.0844560001714854,en,all,0.0,0.0,1.0,0.3333333333333333,1.0,0.6666666666666666,1.0,0.6666666666666666,0.3333333333333333,0.4367467095119258
bm25 raw,spelling_canon,g04_en,g04,en,,dev,1.0844560001714854,en,hi_only,0.0,0.0,0.0,0.0,0.0,0.0,0.0,0.0,0.0,0.0
bm25 raw,spelling_canon,g04_hi,g04,hi,,dev,0.590685999895868,hi,all,1.0,0.3333333333333333,1.0,0.3333333333333333,1.0,0.3333333333333333,1.0,0.3333333333333333,1.0,0.46927872602275644
bm25 raw,spelling_canon,g04_hi,g04,hi,,dev,0.590685999895868,hi,hi_only,1.0,1.0,1.0,1.0,1.0,1.0,1.0,1.0,1.0,1.0
bm25 raw,spelling_canon,g04_hing_base,g04,hinglish,base,dev,0.9273740001844999,en,all,0.0,0.0,0.0,0.0,0.0,0.0,1.0,0.6666666666666666,0.125,0.2836929289153804
bm25 raw,spelling_canon,g04_hing_base,g04,hinglish,base,dev,0.9273740001844999,en,hi_only,0.0,0.0,0.0,0.0,0.0,0.0,0.0,0.0,0.0,0.0
bm25 raw,spelling_canon,g04_hing_vowel2x,g04,hinglish,vowel2x,dev,0.923417999956655,en,all,0.0,0.0,0.0,0.0,0.0,0.0,1.0,0.6666666666666666,0.125,0.2836929289153804
bm25 raw,spelling_canon,g04_hing_vowel2x,g04,hinglish,vowel2x,dev,0.923417999956655,en,hi_only,0.0,0.0,0.0,0.0,0.0,0.0,0.0,0.0,0.0,0.0
bm25 raw,spelling_canon,g04_hing_lower,g04,hinglish,lower,dev,0.4333599999881699,en,all,0.0,0.0,0.0,0.0,0.0,0.0,1.0,0.6666666666666666,0.125,0.2836929289153804
bm25 raw,spelling_canon,g04_hing_lower,g04,hinglish,lower,dev,0.4333599999881699,en,hi_only,0.0,0.0,0.0,0.0,0.0,0.0,0.0,0.0,0.0,0.0
bm25 raw,spelling_canon,g04_hing_he_for_hai,g04,hinglish,he_for_hai,dev,0.8726119999664661,en,all,0.0,0.0,0.0,0.0,0.0,0.0,0.0,0.0,0.0,0.0
bm25 raw,spelling_canon,g04_hing_he_for_hai,g04,hinglish,he_for_hai,dev,0.8726119999664661,en,hi_only,0.0,0.0,0.0,0.0,0.0,0.0,0.0,0.0,0.0,0.0
bm25 raw,spelling_canon,g05_en,g05,en,,test,1.2645240001347702,en,all,1.0,0.2,1.0,0.2,1.0,0.2,1.0,0.2,1.0,0.3391602052736161
bm25 raw,spelling_canon,g05_en,g05,en,,test,1.2645240001347702,en,hi_only,0.0,0.0,0.0,0.0,0.0,0.0,0.0,0.0,0.0,0.0
bm25 raw,spelling_canon,g05_hi,g05,hi,,test,0.6014109999341599,hi,all,1.0,0.2,1.0,0.4,1.0,0.4,1.0,0.6,1.0,0.6739577727076379
bm25 raw,spelling_canon,g05_hi,g05,hi,,test,0.6014109999341599,hi,hi_only,1.0,0.25,1.0,0.5,1.0,0.5,1.0,0.75,1.0,0.7757386182436072
bm25 raw,spelling_canon,g05_hing_base,g05,hinglish,base,test,0.9988970000449626,en,all,0.0,0.0,1.0,0.2,1.0,0.2,1.0,0.2,0.5,0.21398626473452756
bm25 raw,spelling_canon,g05_hing_base,g05,hinglish,base,test,0.9988970000449626,en,hi_only,0.0,0.0,0.0,0.0,0.0,0.0,0.0,0.0,0.0,0.0
bm25 raw,spelling_canon,g05_hing_vowel2x,g05,hinglish,vowel2x,test,1.0301489999164914,en,all,0.0,0.0,1.0,0.2,1.0,0.2,1.0,0.2,0.5,0.21398626473452756
bm25 raw,spelling_canon,g05_hing_vowel2x,g05,hinglish,vowel2x,test,1.0301489999164914,en,hi_only,0.0,0.0,0.0,0.0,0.0,0.0,0.0,0.0,0.0,0.0
bm25 raw,spelling_canon,g05_hing_lower,g05,hinglish,lower,test,1.003420000188271,en,all,0.0,0.0,1.0,0.2,1.0,0.2,1.0,0.2,0.5,0.21398626473452756
bm25 raw,spelling_canon,g05_hing_lower,g05,hinglish,lower,test,1.003420000188271,en,hi_only,0.0,0.0,0.0,0.0,0.0,0.0,0.0,0.0,0.0,0.0
bm25 raw,spelling_canon,g05_hing_he_for_hai,g05,hinglish,he_for_hai,test,1.057331999845701,en,all,0.0,0.0,1.0,0.2,1.0,0.2,1.0,0.2,0.3333333333333333,0.16958010263680806
bm25 raw,spelling_canon,g05_hing_he_for_hai,g05,hinglish,he_for_hai,test,1.057331999845701,en,hi_only,0.0,0.0,0.0,0.0,0.0,0.0,0.0,0.0,0.0,0.0
bm25 raw,spelling_canon,g06_en,g06,en,,test,1.1189209999429295,en,all,0.0,0.0,1.0,1.0,1.0,1.0,1.0,1.0,0.5,0.6309297535714575
bm25 raw,spelling_canon,g06_hi,g06,hi,,test,0.48536500003137917,hi,all,0.0,0.0,0.0,0.0,0.0,0.0,0.0,0.0,0.0,0.0
bm25 raw,spelling_canon,g06_hing_base,g06,hinglish,base,test,0.8033060000798287,en,all,0.0,0.0,0.0,0.0,0.0,0.0,1.0,1.0,0.1111111111111111,0.3010299956639812
bm25 raw,spelling_canon,g06_hing_vowel2x,g06,hinglish,vowel2x,test,0.8153740000125254,en,all,0.0,0.0,0.0,0.0,0.0,0.0,1.0,1.0,0.1111111111111111,0.3010299956639812
bm25 raw,spelling_canon,g06_hing_lower,g06,hinglish,lower,test,0.4144409999753407,en,all,0.0,0.0,0.0,0.0,0.0,0.0,1.0,1.0,0.1111111111111111,0.3010299956639812
bm25 raw,spelling_canon,g06_hing_he_for_hai,g06,hinglish,he_for_hai,test,0.8712310000191792,en,all,0.0,0.0,0.0,0.0,0.0,0.0,1.0,1.0,0.1111111111111111,0.3010299956639812
bm25 +stopwords,spelling_canon,g01_en,g01,en,,test,0.47822700003052887,en,all,1.0,0.16666666666666666,1.0,0.3333333333333333,1.0,0.3333333333333333,1.0,0.3333333333333333,1.0,0.4935232796777481
bm25 +stopwords,spelling_canon,g01_en,g01,en,,test,0.47822700003052887,en,hi_only,0.0,0.0,0.0,0.0,0.0,0.0,0.0,0.0,0.0,0.0
bm25 +stopwords,spelling_canon,g01_hi,g01,hi,,test,0.24002700001801713,hi,all,1.0,0.16666666666666666,1.0,0.16666666666666666,1.0,0.16666666666666666,1.0,0.16666666666666666,1.0,0.30260241349881345
bm25 +stopwords,spelling_canon,g01_hi,g01,hi,,test,0.24002700001801713,hi,hi_only,1.0,0.3333333333333333,1.0,0.3333333333333333,1.0,0.3333333333333333,1.0,0.3333333333333333,1.0,0.46927872602275644
bm25 +stopwords,spelling_canon,g01_hing_base,g01,hinglish,base,test,0.40655999987393443,en,all,0.0,0.0,1.0,0.16666666666666666,1.0,0.3333333333333333,1.0,0.5,0.5,0.3954551734183064
bm25 +stopwords,spelling_canon,g01_hing_base,g01,hinglish,base,test,0.40655999987393443,en,hi_only,0.0,0.0,0.0,0.0,0.0,0.0,0.0,0.0,0.0,0.0
bm25 +stopwords,spelling_canon,g01_hing_vowel2x,g01,hinglish,vowel2x,test,0.4318330002206494,en,all,0.0,0.0,1.0,0.16666666666666666,1.0,0.3333333333333333,1.0,0.5,0.5,0.3954551734183064
bm25 +stopwords,spelling_canon,g01_hing_vowel2x,g01,hinglish,vowel2x,test,0.4318330002206494,en,hi_only,0.0,0.0,0.0,0.0,0.0,0.0,0.0,0.0,0.0,0.0
bm25 +stopwords,spelling_canon,g01_hing_lower,g01,hinglish,lower,test,0.2085739999984071,en,all,0.0,0.0,1.0,0.16666666666666666,1.0,0.3333333333333333,1.0,0.5,0.5,0.3954551734183064
bm25 +stopwords,spelling_canon,g01_hing_lower,g01,hinglish,lower,test,0.2085739999984071,en,hi_only,0.0,0.0,0.0,0.0,0.0,0.0,0.0,0.0,0.0,0.0
bm25 +stopwords,spelling_canon,g01_hing_he_for_hai,g01,hinglish,he_for_hai,test,0.4099389998373226,en,all,0.0,0.0,1.0,0.16666666666666666,1.0,0.3333333333333333,1.0,0.5,0.5,0.3954551734183064
bm25 +stopwords,spelling_canon,g01_hing_he_for_hai,g01,hinglish,he_for_hai,test,0.4099389998373226,en,hi_only,0.0,0.0,0.0,0.0,0.0,0.0,0.0,0.0,0.0,0.0
bm25 +stopwords,spelling_canon,g02_en,g02,en,,dev,0.45456399993781815,en,all,0.0,0.0,1.0,0.2,1.0,0.2,1.0,0.2,0.5,0.2489083270225946
bm25 +stopwords,spelling_canon,g02_en,g02,en,,dev,0.45456399993781815,en,hi_only,0.0,0.0,0.0,0.0,0.0,0.0,0.0,0.0,0.0,0.0
bm25 +stopwords,spelling_canon,g02_hi,g02,hi,,dev,0.23365000015473925,hi,all,1.0,0.1,1.0,0.1,1.0,0.2,1.0,0.4,1.0,0.4447551423209717
bm25 +stopwords,spelling_canon,g02_hi,g02,hi,,dev,0.23365000015473925,hi,hi_only,1.0,0.16666666666666666,1.0,0.16666666666666666,1.0,0.3333333333333333,1.0,0.6666666666666666,1.0,0.6114902967340503
bm25 +stopwords,spelling_canon,g02_hing_base,g02,hinglish,base,dev,0.4154829998697096,en,all,0.0,0.0,0.0,0.0,0.0,0.0,1.0,0.2,0.16666666666666666,0.1478294909154526
bm25 +stopwords,spelling_canon,g02_hing_base,g02,hinglish,base,dev,0.4154829998697096,en,hi_only,0.0,0.0,0.0,0.0,0.0,0.0,0.0,0.0,0.0,0.0
bm25 +stopwords,spelling_canon,g02_hing_vowel2x,g02,hinglish,vowel2x,dev,0.4178420001608174,en,all,0.0,0.0,0.0,0.0,0.0,0.0,1.0,0.2,0.16666666666666666,0.1478294909154526
bm25 +stopwords,spelling_canon,g02_hing_vowel2x,g02,hinglish,vowel2x,dev,0.4178420001608174,en,hi_only,0.0,0.0,0.0,0.0,0.0,0.0,0.0,0.0,0.0,0.0
bm25 +stopwords,spelling_canon,g02_hing_lower,g02,hinglish,lower,dev,0.23244200019689742,en,all,0.0,0.0,0.0,0.0,0.0,0.0,1.0,0.2,0.16666666666666666,0.1478294909154526
bm25 +stopwords,spelling_canon,g02_hing_lower,g02,hinglish,lower,dev,0.23244200019689742,en,hi_only,0.0,0.0,0.0,0.0,0.0,0.0,0.0,0.0,0.0,0.0
bm25 +stopwords,spelling_canon,g02_hing_he_for_hai,g02,hinglish,he_for_hai,dev,0.4115659999115451,en,all,0.0,0.0,0.0,0.0,0.0,0.0,1.0,0.2,0.16666666666666666,0.1478294909154526
bm25 +stopwords,spelling_canon,g02_hing_he_for_hai,g02,hinglish,he_for_hai,dev,0.4115659999115451,en,hi_only,0.0,0.0,0.0,0.0,0.0,0.0,0.0,0.0,0.0,0.0
bm25 +stopwords,spelling_canon,g03_en,g03,en,,dev,0.4587400001128117,en,all,0.0,0.0,1.0,0.16666666666666666,1.0,0.16666666666666666,1.0,0.16666666666666666,0.3333333333333333,0.15130120674940672
bm25 +stopwords,spelling_canon,g03_en,g03,en,,dev,0.4587400001128117,en,hi_only,0.0,0.0,0.0,0.0,0.0,0.0,0.0,0.0,0.0,0.0
bm25 +stopwords,spelling_canon,g03_hi,g03,hi,,dev,0.21159199991416244,hi,all,1.0,0.16666666666666666,1.0,0.16666666666666666,1.0,0.3333333333333333,1.0,0.3333333333333333,1.0,0.41966500663677697
bm25 +stopwords,spelling_canon,g03_hi,g03,hi,,dev,0.21159199991416244,hi,hi_only,1.0,0.25,1.0,0.25,1.0,0.5,1.0,0.5,1.0,0.5413996682199069
bm25 +stopwords,spelling_canon,g03_hing_base,g03,hinglish,base,dev,0.4131400000915164,en,all,0.0,0.0,0.0,0.0,0.0,0.0,0.0,0.0,0.0,0.0
bm25 +stopwords,spelling_canon,g03_hing_base,g03,hinglish,base,dev,0.4131400000915164,en,hi_only,0.0,0.0,0.0,0.0,0.0,0.0,0.0,0.0,0.0,0.0
bm25 +stopwords,spelling_canon,g03_hing_vowel2x,g03,hinglish,vowel2x,dev,0.4433019998941745,en,all,0.0,0.0,0.0,0.0,0.0,0.0,0.0,0.0,0.0,0.0
bm25 +stopwords,spelling_canon,g03_hing_vowel2x,g03,hinglish,vowel2x,dev,0.4433019998941745,en,hi_only,0.0,0.0,0.0,0.0,0.0,0.0,0.0,0.0,0.0,0.0
bm25 +stopwords,spelling_canon,g03_hing_lower,g03,hinglish,lower,dev,0.23044500017022074,en,all,0.0,0.0,0.0,0.0,0.0,0.0,0.0,0.0,0.0,0.0
bm25 +stopwords,spelling_canon,g03_hing_lower,g03,hinglish,lower,dev,0.23044500017022074,en,hi_only,0.0,0.0,0.0,0.0,0.0,0.0,0.0,0.0,0.0,0.0
bm25 +stopwords,spelling_canon,g03_hing_he_for_hai,g03,hinglish,he_for_hai,dev,0.43353199998819036,en,all,0.0,0.0,0.0,0.0,0.0,0.0,0.0,0.0,0.0,0.0
bm25 +stopwords,spelling_canon,g03_hing_he_for_hai,g03,hinglish,he_for_hai,dev,0.43353199998819036,en,hi_only,0.0,0.0,0.0,0.0,0.0,0.0,0.0,0.0,0.0,0.0
bm25 +stopwords,spelling_canon,g04_en,g04,en,,dev,0.4884459999630053,en,all,0.0,0.0,1.0,0.6666666666666666,1.0,0.6666666666666666,1.0,0.6666666666666666,0.5,0.5307212739772434
bm25 +stopwords,spelling_canon,g04_en,g04,en,,dev,0.4884459999630053,en,hi_only,0.0,0.0,0.0,0.0,0.0,0.0,0.0,0.0,0.0,0.0
bm25 +stopwords,spelling_canon,g04_hi,g04,hi,,dev,0.21533699987230648,hi,all,1.0,0.3333333333333333,1.0,0.3333333333333333,1.0,0.3333333333333333,1.0,0.3333333333333333,1.0,0.46927872602275644
bm25 +stopwords,spelling_canon,g04_hi,g04,hi,,dev,0.21533699987230648,hi,hi_only,1.0,1.0,1.0,1.0,1.0,1.0,1.0,1.0,1.0,1.0
bm25 +stopwords,spelling_canon,g04_hing_base,g04,hinglish,base,dev,0.8679320001192536,en,all,0.0,0.0,0.0,0.0,0.0,0.0,1.0,0.6666666666666666,0.14285714285714285,0.2920782154400332
bm25 +stopwords,spelling_canon,g04_hing_base,g04,hinglish,base,dev,0.8679320001192536,en,hi_only,0.0,0.0,0.0,0.0,0.0,0.0,0.0,0.0,0.0,0.0
bm25 +stopwords,spelling_canon,g04_hing_vowel2x,g04,hinglish,vowel2x,dev,0.8900540001377522,en,all,0.0,0.0,0.0,0.0,0.0,0.0,1.0,0.6666666666666666,0.14285714285714285,0.2920782154400332
bm25 +stopwords,spelling_canon,g04_hing_vowel2x,g04,hinglish,vowel2x,dev,0.8900540001377522,en,hi_only,0.0,0.0,0.0,0.0,0.0,0.0,0.0,0.0,0.0,0.0
bm25 +stopwords,spelling_canon,g04_hing_lower,g04,hinglish,lower,dev,0.4022989999157289,en,all,0.0,0.0,0.0,0.0,0.0,0.0,1.0,0.6666666666666666,0.14285714285714285,0.2920782154400332
bm25 +stopwords,spelling_canon,g04_hing_lower,g04,hinglish,lower,dev,0.4022989999157289,en,hi_only,0.0,0.0,0.0,0.0,0.0,0.0,0.0,0.0,0.0,0.0
bm25 +stopwords,spelling_canon,g04_hing_he_for_hai,g04,hinglish,he_for_hai,dev,0.8382329999676585,en,all,0.0,0.0,0.0,0.0,0.0,0.0,1.0,0.6666666666666666,0.14285714285714285,0.2920782154400332
bm25 +stopwords,spelling_canon,g04_hing_he_for_hai,g04,hinglish,he_for_hai,dev,0.8382329999676585,en,hi_only,0.0,0.0,0.0,0.0,0.0,0.0,0.0,0.0,0.0,0.0
bm25 +stopwords,spelling_canon,g05_en,g05,en,,test,1.2329690000569826,en,all,0.0,0.0,1.0,0.2,1.0,0.2,1.0,0.2,0.3333333333333333,0.16958010263680806
bm25 +stopwords,spelling_canon,g05_en,g05,en,,test,1.2329690000569826,en,hi_only,0.0,0.0,0.0,0.0,0.0,0.0,0.0,0.0,0.0,0.0
bm25 +stopwords,spelling_canon,g05_hi,g05,hi,,test,0.6563389999882929,hi,all,1.0,0.2,1.0,0.4,1.0,0.4,1.0,0.6,1.0,0.6739577727076379
bm25 +stopwords,spelling_canon,g05_hi,g05,hi,,test,0.6563389999882929,hi,hi_only,1.0,0.25,1.0,0.5,1.0,0.5,1.0,0.75,1.0,0.7757386182436072
bm25 +stopwords,spelling_canon,g05_hing_base,g05,hinglish,base,test,1.1811370000032184,en,all,0.0,0.0,1.0,0.2,1.0,0.2,1.0,0.2,0.5,0.21398626473452756
bm25 +stopwords,spelling_canon,g05_hing_base,g05,hinglish,base,test,1.1811370000032184,en,hi_only,0.0,0.0,0.0,0.0,0.0,0.0,0.0,0.0,0.0,0.0
bm25 +stopwords,spelling_canon,g05_hing_vowel2x,g05,hinglish,vowel2x,test,1.146745999903942,en,all,0.0,0.0,1.0,0.2,1.0,0.2,1.0,0.2,0.5,0.21398626473452756
bm25 +stopwords,spelling_canon,g05_hing_vowel2x,g05,hinglish,vowel2x,test,1.146745999903942,en,hi_only,0.0,0.0,0.0,0.0,0.0,0.0,0.0,0.0,0.0,0.0
bm25 +stopwords,spelling_canon,g05_hing_lower,g05,hinglish,lower,test,1.2646310001400707,en,all,0.0,0.0,1.0,0.2,1.0,0.2,1.0,0.2,0.5,0.21398626473452756
bm25 +stopwords,spelling_canon,g05_hing_lower,g05,hinglish,lower,test,1.2646310001400707,en,hi_only,0.0,0.0,0.0,0.0,0.0,0.0,0.0,0.0,0.0,0.0
bm25 +stopwords,spelling_canon,g05_hing_he_for_hai,g05,hinglish,he_for_hai,test,1.1969759998464724,en,all,0.0,0.0,1.0,0.2,1.0,0.2,1.0,0.2,0.5,0.21398626473452756
bm25 +stopwords,spelling_canon,g05_hing_he_for_hai,g05,hinglish,he_for_hai,test,1.1969759998464724,en,hi_only,0.0,0.0,0.0,0.0,0.0,0.0,0.0,0.0,0.0,0.0
bm25 +stopwords,spelling_canon,g06_en,g06,en,,test,0.9769020000476303,en,all,1.0,1.0,1.0,1.0,1.0,1.0,1.0,1.0,1.0,1.0
bm25 +stopwords,spelling_canon,g06_hi,g06,hi,,test,0.4458099999737897,hi,all,0.0,0.0,0.0,0.0,0.0,0.0,0.0,0.0,0.0,0.0
bm25 +stopwords,spelling_canon,g06_hing_base,g06,hinglish,base,test,0.4674350000186678,en,all,0.0,0.0,0.0,0.0,0.0,0.0,1.0,1.0,0.16666666666666666,0.3562071871080222
bm25 +stopwords,spelling_canon,g06_hing_vowel2x,g06,hinglish,vowel2x,test,0.46541599999727623,en,all,0.0,0.0,0.0,0.0,0.0,0.0,1.0,1.0,0.16666666666666666,0.3562071871080222
bm25 +stopwords,spelling_canon,g06_hing_lower,g06,hinglish,lower,test,0.20963699989806628,en,all,0.0,0.0,0.0,0.0,0.0,0.0,1.0,1.0,0.16666666666666666,0.3562071871080222
bm25 +stopwords,spelling_canon,g06_hing_he_for_hai,g06,hinglish,he_for_hai,test,0.47735199996168376,en,all,0.0,0.0,0.0,0.0,0.0,0.0,1.0,1.0,0.16666666666666666,0.3562071871080222
dense,spelling_canon,g01_en,g01,en,,test,577.7410400000917,en,all,1.0,0.16666666666666666,1.0,0.5,1.0,0.5,1.0,0.5,1.0,0.644824486427155
dense,spelling_canon,g01_en,g01,en,,test,577.7410400000917,en,hi_only,0.0,0.0,1.0,0.3333333333333333,1.0,0.3333333333333333,1.0,0.3333333333333333,0.5,0.2960819109658652
dense,spelling_canon,g01_hi,g01,hi,,test,388.6747420001484,hi,all,1.0,0.16666666666666666,1.0,0.3333333333333333,1.0,0.3333333333333333,1.0,0.5,1.0,0.5493640533376876
dense,spelling_canon,g01_hi,g01,hi,,test,388.6747420001484,hi,hi_only,1.0,0.3333333333333333,1.0,0.3333333333333333,1.0,0.3333333333333333,1.0,0.3333333333333333,1.0,0.46927872602275644
dense,spelling_canon,g01_hing_base,g01,hinglish,base,test,698.9844249999351,en,all,1.0,0.16666666666666666,1.0,0.16666666666666666,1.0,0.3333333333333333,1.0,0.5,1.0,0.5274541611612878
dense,spelling_canon,g01_hing_base,g01,hinglish,base,test,698.9844249999351,en,hi_only,0.0,0.0,0.0,0.0,0.0,0.0,1.0,0.3333333333333333,0.16666666666666666,0.16716045496620227
dense,spelling_canon,g01_hing_vowel2x,g01,hinglish,vowel2x,test,610.2919529998871,en,all,0.0,0.0,1.0,0.16666666666666666,1.0,0.3333333333333333,1.0,0.5,0.5,0.4157726138414091
dense,spelling_canon,g01_hing_vowel2x,g01,hinglish,vowel2x,test,610.2919529998871,en,hi_only,0.0,0.0,0.0,0.0,0.0,0.0,1.0,0.3333333333333333,0.16666666666666666,0.16716045496620227
dense,spelling_canon,g01_hing_lower,g01,hinglish,lower,test,296.46485800003575,en,all,1.0,0.16666666666666666,1.0,0.16666666666666666,1.0,0.3333333333333333,1.0,0.5,1.0,0.5274541611612878
dense,spelling_canon,g01_hing_lower,g01,hinglish,lower,test,296.46485800003575,en,hi_only,0.0,0.0,0.0,0.0,0.0,0.0,1.0,0.3333333333333333,0.16666666666666666,0.16716045496620227
dense,spelling_canon,g01_hing_he_for_hai,g01,hinglish,he_for_hai,test,586.5877579999506,en,all,0.0,0.0,1.0,0.16666666666666666,1.0,0.3333333333333333,1.0,0.5,0.5,0.4157726138414091
dense,spelling_canon,g01_hing_he_for_hai,g01,hinglish,he_for_hai,test,586.5877579999506,en,hi_only,0.0,0.0,0.0,0.0,1.0,0.3333333333333333,1.0,0.3333333333333333,0.2,0.18154179253735267
dense,spelling_canon,g02_en,g02,en,,dev,578.4216659999402,en,all,1.0,0.1,1.0,0.3,1.0,0.4,1.0,0.5,1.0,0.627507133061656
dense,spelling_canon,g02_en,g02,en,,dev,578.4216659999402,en,hi_only,0.0,0.0,1.0,0.16666666666666666,1.0,0.3333333333333333,1.0,0.3333333333333333,0.5,0.3079834593168982
dense,spelling_canon,g02_hi,g02,hi,,dev,276.68728900016504,hi,all,1.0,0.1,1.0,0.2,1.0,0.3,1.0,0.4,1.0,0.5199967979955745
dense,spelling_canon,g02_hi,g02,hi,,dev,276.68728900016504,hi,hi_only,1.0,0.16666666666666666,1.0,0.3333333333333333,1.0,0.3333333333333333,1.0,0.5,1.0,0.5846156829012061
dense,spelling_canon,g02_hing_base,g02,hinglish,base,dev,585.3069449999566,en,all,0.0,0.0,1.0,0.1,1.0,0.1,1.0,0.3,0.3333333333333333,0.24966402870278917
dense,spelling_canon,g02_hing_base,g02,hinglish,base,dev,585.3069449999566,en,hi_only,0.0,0.0,0.0,0.0,0.0,0.0,1.0,0.16666666666666666,0.14285714285714285,0.10086747116627115
dense,spelling_canon,g02_hing_vowel2x,g02,hinglish,vowel2x,dev,869.2991740001617,en,all,0.0,0.0,1.0,0.1,1.0,0.1,1.0,0.3,0.3333333333333333,0.24966402870278917
dense,spelling_canon,g02_hing_vowel2x,g02,hinglish,vowel2x,dev,869.2991740001617,en,hi_only,0.0,0.0,0.0,0.0,0.0,0.0,1.0,0.16666666666666666,0.14285714285714285,0.10086747116627115
dense,spelling_canon,g02_hing_lower,g02,hinglish,lower,dev,290.12100300019483,en,all,0.0,0.0,0.0,0.0,1.0,0.1,1.0,0.3,0.25,0.23177307466786254
dense,spelling_canon,g02_hing_lower,g02,hinglish,lower,dev,290.12100300019483,en,hi_only,0.0,0.0,0.0,0.0,0.0,0.0,1.0,0.3333333333333333,0.14285714285714285,0.18833918526767932
dense,spelling_canon,g02_hing_he_for_hai,g02,hinglish,he_for_hai,dev,590.9132160002173,en,all,0.0,0.0,1.0,0.1,1.0,0.2,1.0,0.3,0.3333333333333333,0.2684550357175426
dense,spelling_canon,g02_hing_he_for_hai,g02,hinglish,he_for_hai,dev,590.9132160002173,en,hi_only,0.0,0.0,0.0,0.0,1.0,0.16666666666666666,1.0,0.16666666666666666,0.25,0.13032376591037062
dense,spelling_canon,g03_en,g03,en,,dev,578.3302529998764,hi,all,1.0,0.16666666666666666,1.0,0.16666666666666666,1.0,0.16666666666666666,1.0,0.5,1.0,0.4945622878885427
dense,spelling_canon,g03_en,g03,en,,dev,578.3302529998764,hi,hi_only,1.0,0.25,1.0,0.25,1.0,0.25,1.0,0.75,1.0,0.6380228380792293
dense,spelling_canon,g03_hi,g03,hi,,dev,279.1145899998355,hi,all,1.0,0.16666666666666666,1.0,0.3333333333333333,1.0,0.5,1.0,0.5,1.0,0.5709662133861837
dense,spelling_canon,g03_hi,g03,hi,,dev,279.1145899998355,hi,hi_only,1.0,0.25,1.0,0.5,1.0,0.75,1.0,0.75,1.0,0.7365896932159578
dense,spelling_canon,g03_hing_base,g03,hinglish,base,dev,578.5651009998674,en,all,0.0,0.0,1.0,0.16666666666666666,1.0,0.16666666666666666,1.0,0.16666666666666666,0.5,0.19092086617893467
dense,spelling_canon,g03_hing_base,g03,hinglish,base,dev,578.5651009998674,en,hi_only,0.0,0.0,1.0,0.25,1.0,0.25,1.0,0.25,0.5,0.24630238874073
dense,spelling_canon,g03_hing_vowel2x,g03,hinglish,vowel2x,dev,599.2842749999454,en,all,0.0,0.0,1.0,0.16666666666666666,1.0,0.16666666666666666,1.0,0.16666666666666666,0.5,0.19092086617893467
dense,spelling_canon,g03_hing_vowel2x,g03,hinglish,vowel2x,dev,599.2842749999454,en,hi_only,0.0,0.0,1.0,0.25,1.0,0.25,1.0,0.25,0.5,0.24630238874073
dense,spelling_canon,g03_hing_lower,g03,hinglish,lower,dev,291.14829900004224,en,all,0.0,0.0,1.0,0.16666666666666666,1.0,0.16666666666666666,1.0,0.16666666666666666,0.3333333333333333,0.15130120674940672
dense,spelling_canon,g03_hing_lower,g03,hinglish,lower,dev,291.14829900004224,en,hi_only,0.0,0.0,1.0,0.25,1.0,0.25,1.0,0.25,0.3333333333333333,0.19519002499605084
dense,spelling_canon,g03_hing_he_for_hai,g03,hinglish,he_for_hai,dev,808.6323360000733,en,all,0.0,0.0,1.0,0.16666666666666666,1.0,0.16666666666666666,1.0,0.16666666666666666,0.5,0.19092086617893467
dense,spelling_canon,g03_hing_he_for_hai,g03,hinglish,he_for_hai,dev,808.6323360000733,en,hi_only,0.0,0.0,1.0,0.25,1.0,0.25,1.0,0.25,0.5,0.24630238874073
dense,spelling_canon,g04_en,g04,en,,dev,713.2467559999895,en,all,1.0,0.3333333333333333,1.0,1.0,1.0,1.0,1.0,1.0,1.0,1.0
dense,spelling_canon,g04_en,g04,en,,dev,713.2467559999895,en,hi_only,0.0,0.0,1.0,1.0,1.0,1.0,1.0,1.0,0.3333333333333333,0.5
dense,spelling_canon,g04_hi,g04,hi,,dev,280.58607299999494,hi,all,1.0,0.3333333333333333,1.0,0.6666666666666666,1.0,1.0,1.0,1.0,1.0,0.9060254355346823
dense,spelling_canon,g04_hi,g04,hi,,dev,280.58607299999494,hi,hi_only,1.0,1.0,1.0,1.0,1.0,1.0,1.0,1.0,1.0,1.0
dense,spelling_canon,g04_hing_base,g04,hinglish,base,dev,579.0014980000251,en,all,1.0,0.3333333333333333,1.0,0.6666666666666666,1.0,1.0,1.0,1.0,1.0,0.9674679834891693
dense,spelling_canon,g04_hing_base,g04,hinglish,base,dev,579.0014980000251,en,hi_only,0.0,0.0,0.0,0.0,1.0,1.0,1.0,1.0,0.25,0.43067655807339306
dense,spelling_canon,g04_hing_vowel2x,g04,hinglish,vowel2x,dev,599.27778999986,en,all,1.0,0.3333333333333333,1.0,0.6666666666666666,1.0,1.0,1.0,1.0,1.0,0.9674679834891693
dense,spelling_canon,g04_hing_vowel2x,g04,hinglish,vowel2x,dev,599.27778999986,en,hi_only,0.0,0.0,1.0,1.0,1.0,1.0,1.0,1.0,0.5,0.6309297535714575
dense,spelling_canon,g04_hing_lower,g04,hinglish,lower,dev,289.2460119999214,en,all,1.0,0.3333333333333333,1.0,0.6666666666666666,1.0,1.0,1.0,1.0,1.0,0.9469024295259745
dense,spelling_canon,g04_hing_lower,g04,hinglish,lower,dev,289.2460119999214,en,hi_only,0.0,0.0,1.0,1.0,1.0,1.0,1.0,1.0,0.5,0.6309297535714575
dense,spelling_canon,g04_hing_he_for_hai,g04,hinglish,he_for_hai,dev,586.5920130001996,en,all,1.0,0.3333333333333333,1.0,0.6666666666666666,1.0,1.0,1.0,1.0,1.0,0.9060254355346823
dense,spelling_canon,g04_hing_he_for_hai,g04,hinglish,he_for_hai,dev,586.5920130001996,en,hi_only,0.0,0.0,1.0,1.0,1.0,1.0,1.0,1.0,0.3333333333333333,0.5
dense,spelling_canon,g05_en,g05,en,,test,601.8559969998023,en,all,1.0,0.2,1.0,0.6,1.0,0.6,1.0,0.8,1.0,0.8248239677678635
dense,spelling_canon,g05_en,g05,en,,test,601.8559969998023,en,hi_only,0.0,0.0,1.0,0.5,1.0,0.5,1.0,0.75,0.5,0.559008518493208
dense,spelling_canon,g05_hi,g05,hi,,test,401.53425099993,hi,all,1.0,0.2,1.0,0.6,1.0,1.0,1.0,1.0,1.0,1.0
dense,spelling_canon,g05_hi,g05,hi,,test,401.53425099993,hi,hi_only,1.0,0.25,1.0,0.75,1.0,1.0,1.0,1.0,1.0,0.9828920819566879
dense,spelling_canon,g05_hing_base,g05,hinglish,base,test,851.8692439999995,en,all,1.0,0.2,1.0,0.4,1.0,0.4,1.0,0.6,1.0,0.6108377030333358
dense,spelling_canon,g05_hing_base,g05,hinglish,base,test,851.8692439999995,en,hi_only,0.0,0.0,1.0,0.25,1.0,0.25,1.0,0.5,0.3333333333333333,0.312706129752478
dense,spelling_canon,g05_hing_vowel2x,g05,hinglish,vowel2x,test,621.8986080000377,en,all,1.0,0.2,1.0,0.2,1.0,0.4,1.0,0.6,1.0,0.5873259502392343
dense,spelling_canon,g05_hing_vowel2x,g05,hinglish,vowel2x,test,621.8986080000377,en,hi_only,0.0,0.0,0.0,0.0,1.0,0.25,1.0,0.5,0.25,0.2856436410275446
dense,spelling_canon,g05_hing_lower,g05,hinglish,lower,test,621.6150830000515,en,all,1.0,0.2,1.0,0.2,1.0,0.4,1.0,0.4,1.0,0.48522855511632257
dense,spelling_canon,g05_hing_lower,g05,hinglish,lower,test,621.6150830000515,en,hi_only,0.0,0.0,0.0,0.0,1.0,0.25,1.0,0.25,0.25,0.16812753627111746
dense,spelling_canon,g05_hing_he_for_hai,g05,hinglish,he_for_hai,test,608.8752550001573,en,all,1.0,0.2,1.0,0.4,1.0,0.4,1.0,0.6,1.0,0.6295516106099184
dense,spelling_canon,g05_hing_he_for_hai,g05,hinglish,he_for_hai,test,608.8752550001573,en,hi_only,0.0,0.0,1.0,0.25,1.0,0.25,1.0,0.5,0.3333333333333333,0.33424620450682646
dense,spelling_canon,g06_en,g06,en,,test,564.1082310000911,en,all,1.0,1.0,1.0,1.0,1.0,1.0,1.0,1.0,1.0,1.0
dense,spelling_canon,g06_hi,g06,hi,,test,279.9442470000031,hi,all,0.0,0.0,1.0,1.0,1.0,1.0,1.0,1.0,0.5,0.6309297535714575
dense,spelling_canon,g06_hing_base,g06,hinglish,base,test,577.4503239999831,en,all,0.0,0.0,1.0,1.0,1.0,1.0,1.0,1.0,0.3333333333333333,0.5
dense,spelling_canon,g06_hing_vowel2x,g06,hinglish,vowel2x,test,838.4062719999292,hi,all,0.0,0.0,1.0,1.0,1.0,1.0,1.0,1.0,0.5,0.6309297535714575
dense,spelling_canon,g06_hing_lower,g06,hinglish,lower,test,286.9228550000571,en,all,0.0,0.0,0.0,0.0,1.0,1.0,1.0,1.0,0.2,0.38685280723454163
dense,spelling_canon,g06_hing_he_for_hai,g06,hinglish,he_for_hai,test,581.2447329999486,en,all,0.0,0.0,1.0,1.0,1.0,1.0,1.0,1.0,0.3333333333333333,0.5
hybrid RRF,spelling_canon,g01_en,g01,en,,test,582.3039209999479,en,all,1.0,0.16666666666666666,1.0,0.3333333333333333,1.0,0.3333333333333333,1.0,0.3333333333333333,1.0,0.4935232796777481
hybrid RRF,spelling_canon,g01_en,g01,en,,test,582.3039209999479,en,hi_only,0.0,0.0,0.0,0.0,0.0,0.0,0.0,0.0,0.0,0.0
hybrid RRF,spelling_canon,g01_hi,g01,hi,,test,285.93541899999764,hi,all,1.0,0.16666666666666666,1.0,0.16666666666666666,1.0,0.16666666666666666,1.0,0.16666666666666666,1.0,0.30260241349881345
hybrid RRF,spelling_canon,g01_hi,g01,hi,,test,285.93541899999764,hi,hi_only,1.0,0.3333333333333333,1.0,0.3333333333333333,1.0,0.3333333333333333,1.0,0.3333333333333333,1.0,0.46927872602275644
hybrid RRF,spelling_canon,g01_hing_base,g01,hinglish,base,test,585.2352049998899,en,all,1.0,0.16666666666666666,1.0,0.3333333333333333,1.0,0.3333333333333333,1.0,0.3333333333333333,1.0,0.4539036202482202
hybrid RRF,spelling_canon,g01_hing_base,g01,hinglish,base,test,585.2352049998899,en,hi_only,0.0,0.0,0.0,0.0,0.0,0.0,0.0,0.0,0.0,0.0
hybrid RRF,spelling_canon,g01_hing_vowel2x,g01,hinglish,vowel2x,test,605.3487819999646,en,all,0.0,0.0,1.0,0.3333333333333333,1.0,0.3333333333333333,1.0,0.3333333333333333,0.5,0.3422220729283414
hybrid RRF,spelling_canon,g01_hing_vowel2x,g01,hinglish,vowel2x,test,605.3487819999646,en,hi_only,0.0,0.0,0.0,0.0,0.0,0.0,0.0,0.0,0.0,0.0
hybrid RRF,spelling_canon,g01_hing_lower,g01,hinglish,lower,test,297.4321450001298,en,all,1.0,0.16666666666666666,1.0,0.3333333333333333,1.0,0.3333333333333333,1.0,0.3333333333333333,1.0,0.4539036202482202
hybrid RRF,spelling_canon,g01_hing_lower,g01,hinglish,lower,test,297.4321450001298,en,hi_only,0.0,0.0,0.0,0.0,0.0,0.0,0.0,0.0,0.0,0.0
hybrid RRF,spelling_canon,g01_hing_he_for_hai,g01,hinglish,he_for_hai,test,832.6545730001271,en,all,1.0,0.16666666666666666,1.0,0.16666666666666666,1.0,0.3333333333333333,1.0,0.3333333333333333,1.0,0.4329261794091841
hybrid RRF,spelling_canon,g01_hing_he_for_hai,g01,hinglish,he_for_hai,test,832.6545730001271,en,hi_only,0.0,0.0,0.0,0.0,0.0,0.0,0.0,0.0,0.0,0.0
hybrid RRF,spelling_canon,g02_en,g02,en,,dev,605.2332609999667,en,all,1.0,0.1,1.0,0.2,1.0,0.2,1.0,0.3,1.0,0.43231813227099475
hybrid RRF,spelling_canon,g02_en,g02,en,,dev,605.2332609999667,en,hi_only,0.0,0.0,0.0,0.0,0.0,0.0,1.0,0.16666666666666666,0.14285714285714285,0.10086747116627115
hybrid RRF,spelling_canon,g02_hi,g02,hi,,dev,288.83601600000475,hi,all,1.0,0.1,1.0,0.2,1.0,0.2,1.0,0.5,1.0,0.5621931439243354
hybrid RRF,spelling_canon,g02_hi,g02,hi,,dev,288.83601600000475,hi,hi_only,1.0,0.16666666666666666,1.0,0.3333333333333333,1.0,0.3333333333333333,1.0,0.8333333333333334,1.0,0.7729548681688855
hybrid RRF,spelling_canon,g02_hing_base,g02,hinglish,base,dev,601.7810929999996,en,all,0.0,0.0,1.0,0.1,1.0,0.1,1.0,0.4,0.3333333333333333,0.3312392961638527
hybrid RRF,spelling_canon,g02_hing_base,g02,hinglish,base,dev,601.7810929999996,en,hi_only,0.0,0.0,0.0,0.0,0.0,0.0,1.0,0.16666666666666666,0.14285714285714285,0.10086747116627115
hybrid RRF,spelling_canon,g02_hing_vowel2x,g02,hinglish,vowel2x,dev,620.102432000067,en,all,0.0,0.0,1.0,0.1,1.0,0.1,1.0,0.4,0.3333333333333333,0.3312392961638527
hybrid RRF,spelling_canon,g02_hing_vowel2x,g02,hinglish,vowel2x,dev,620.102432000067,en,hi_only,0.0,0.0,0.0,0.0,0.0,0.0,1.0,0.16666666666666666,0.16666666666666666,0.10778915452451093
hybrid RRF,spelling_canon,g02_hing_lower,g02,hinglish,lower,dev,292.6668640000116,en,all,0.0,0.0,1.0,0.1,1.0,0.1,1.0,0.4,0.3333333333333333,0.3280622976814645
hybrid RRF,spelling_canon,g02_hing_lower,g02,hinglish,lower,dev,292.6668640000116,en,hi_only,0.0,0.0,0.0,0.0,0.0,0.0,1.0,0.16666666666666666,0.16666666666666666,0.10778915452451093
hybrid RRF,spelling_canon,g02_hing_he_for_hai,g02,hinglish,he_for_hai,dev,596.8543019998833,en,all,0.0,0.0,1.0,0.1,1.0,0.1,1.0,0.4,0.3333333333333333,0.32542886242602714
hybrid RRF,spelling_canon,g02_hing_he_for_hai,g02,hinglish,he_for_hai,dev,596.8543019998833,en,hi_only,0.0,0.0,0.0,0.0,0.0,0.0,1.0,0.16666666666666666,0.16666666666666666,0.10778915452451093
hybrid RRF,spelling_canon,g03_en,g03,en,,dev,596.4519479998671,en,all,0.0,0.0,0.0,0.0,0.0,0.0,1.0,0.16666666666666666,0.1,0.0874717141014082
hybrid RRF,spelling_canon,g03_en,g03,en,,dev,596.4519479998671,en,hi_only,0.0,0.0,0.0,0.0,0.0,0.0,0.0,0.0,0.0,0.0
hybrid RRF,spelling_canon,g03_hi,g03,hi,,dev,394.9383740000485,hi,all,1.0,0.16666666666666666,1.0,0.16666666666666666,1.0,0.3333333333333333,1.0,0.5,1.0,0.5283866124986514
hybrid RRF,spelling_canon,g03_hi,g03,hi,,dev,394.9383740000485,hi,hi_only,1.0,0.25,1.0,0.25,1.0,0.5,1.0,0.75,1.0,0.6816587806335841
hybrid RRF,spelling_canon,g03_hing_base,g03,hinglish,base,dev,685.3240370001004,en,all,0.0,0.0,0.0,0.0,0.0,0.0,0.0,0.0,0.0,0.0
hybrid RRF,spelling_canon,g03_hing_base,g03,hinglish,base,dev,685.3240370001004,en,hi_only,0.0,0.0,0.0,0.0,0.0,0.0,0.0,0.0,0.0,0.0
hybrid RRF,spelling_canon,g03_hing_vowel2x,g03,hinglish,vowel2x,dev,591.6545370000676,en,all,0.0,0.0,0.0,0.0,0.0,0.0,0.0,0.0,0.0,0.0
hybrid RRF,spelling_canon,g03_hing_vowel2x,g03,hinglish,vowel2x,dev,591.6545370000676,en,hi_only,0.0,0.0,0.0,0.0,0.0,0.0,0.0,0.0,0.0,0.0
hybrid RRF,spelling_canon,g03_hing_lower,g03,hinglish,lower,dev,290.0163730000713,en,all,0.0,0.0,0.0,0.0,0.0,0.0,0.0,0.0,0.0,0.0
hybrid RRF,spelling_canon,g03_hing_lower,g03,hinglish,lower,dev,290.0163730000713,en,hi_only,0.0,0.0,0.0,0.0,0.0,0.0,0.0,0.0,0.0,0.0
hybrid RRF,spelling_canon,g03_hing_he_for_hai,g03,hinglish,he_for_hai,dev,562.6041980001446,en,all,0.0,0.0,0.0,0.0,0.0,0.0,0.0,0.0,0.0,0.0
hybrid RRF,spelling_canon,g03_hing_he_for_hai,g03,hinglish,he_for_hai,dev,562.6041980001446,en,hi_only,0.0,0.0,0.0,0.0,0.0,0.0,0.0,0.0,0.0,0.0
hybrid RRF,spelling_canon,g04_en,g04,en,,dev,582.7236330001142,en,all,1.0,0.3333333333333333,1.0,0.6666666666666666,1.0,0.6666666666666666,1.0,0.6666666666666666,1.0,0.7653606369886217
hybrid RRF,spelling_canon,g04_en,g04,en,,dev,582.7236330001142,en,hi_only,0.0,0.0,0.0,0.0,0.0,0.0,0.0,0.0,0.0,0.0
hybrid RRF,spelling_canon,g04_hi,g04,hi,,dev,279.8541639999712,hi,all,1.0,0.3333333333333333,1.0,0.3333333333333333,1.0,0.3333333333333333,1.0,0.3333333333333333,1.0,0.46927872602275644
hybrid RRF,spelling_canon,g04_hi,g04,hi,,dev,279.8541639999712,hi,hi_only,1.0,1.0,1.0,1.0,1.0,1.0,1.0,1.0,1.0,1.0
hybrid RRF,spelling_canon,g04_hing_base,g04,hinglish,base,dev,575.4443649998393,en,all,1.0,0.3333333333333333,1.0,0.6666666666666666,1.0,0.6666666666666666,1.0,0.6666666666666666,1.0,0.7039180890341347
hybrid RRF,spelling_canon,g04_hing_base,g04,hinglish,base,dev,575.4443649998393,en,hi_only,0.0,0.0,0.0,0.0,0.0,0.0,0.0,0.0,0.0,0.0
hybrid RRF,spelling_canon,g04_hing_vowel2x,g04,hinglish,vowel2x,dev,851.9090010001946,en,all,1.0,0.3333333333333333,1.0,0.3333333333333333,1.0,0.6666666666666666,1.0,0.6666666666666666,1.0,0.6713860725233041
hybrid RRF,spelling_canon,g04_hing_vowel2x,g04,hinglish,vowel2x,dev,851.9090010001946,en,hi_only,0.0,0.0,0.0,0.0,0.0,0.0,0.0,0.0,0.0,0.0
hybrid RRF,spelling_canon,g04_hing_lower,g04,hinglish,lower,dev,417.03971799984174,en,all,1.0,0.3333333333333333,1.0,0.3333333333333333,1.0,0.6666666666666666,1.0,0.6666666666666666,1.0,0.6713860725233041
hybrid RRF,spelling_canon,g04_hing_lower,g04,hinglish,lower,dev,417.03971799984174,en,hi_only,0.0,0.0,0.0,0.0,0.0,0.0,0.0,0.0,0.0,0.0
hybrid RRF,spelling_canon,g04_hing_he_for_hai,g04,hinglish,he_for_hai,dev,567.1158939999259,en,all,1.0,0.3333333333333333,1.0,0.6666666666666666,1.0,0.6666666666666666,1.0,0.6666666666666666,1.0,0.7653606369886217
hybrid RRF,spelling_canon,g04_hing_he_for_hai,g04,hinglish,he_for_hai,dev,567.1158939999259,en,hi_only,0.0,0.0,0.0,0.0,0.0,0.0,0.0,0.0,0.0,0.0
hybrid RRF,spelling_canon,g05_en,g05,en,,test,608.1031300000177,en,all,1.0,0.2,1.0,0.2,1.0,0.2,1.0,0.4,1.0,0.4371994911049732
hybrid RRF,spelling_canon,g05_en,g05,en,,test,608.1031300000177,en,hi_only,0.0,0.0,0.0,0.0,0.0,0.0,1.0,0.25,0.1,0.11284514134893527
hybrid RRF,spelling_canon,g05_hi,g05,hi,,test,285.59762200006844,hi,all,1.0,0.2,1.0,0.6,1.0,0.6,1.0,0.8,1.0,0.8357799744028239
hybrid RRF,spelling_canon,g05_hi,g05,hi,,test,285.59762200006844,hi,hi_only,1.0,0.25,1.0,0.75,1.0,0.75,1.0,1.0,1.0,0.9619991470595832
hybrid RRF,spelling_canon,g05_hing_base,g05,hinglish,base,test,602.9843500000425,en,all,1.0,0.2,1.0,0.2,1.0,0.2,1.0,0.4,1.0,0.44615333764087994
hybrid RRF,spelling_canon,g05_hing_base,g05,hinglish,base,test,602.9843500000425,en,hi_only,0.0,0.0,0.0,0.0,0.0,0.0,1.0,0.25,0.125,0.123151194370365
hybrid RRF,spelling_canon,g05_hing_vowel2x,g05,hinglish,vowel2x,test,620.8678269999837,en,all,1.0,0.2,1.0,0.2,1.0,0.2,1.0,0.4,1.0,0.45221360703148816
hybrid RRF,spelling_canon,g05_hing_vowel2x,g05,hinglish,vowel2x,test,620.8678269999837,en,hi_only,0.0,0.0,0.0,0.0,0.0,0.0,1.0,0.25,0.14285714285714285,0.13012668333070054
hybrid RRF,spelling_canon,g05_hing_lower,g05,hinglish,lower,test,623.4754279998924,en,all,1.0,0.2,1.0,0.2,1.0,0.2,1.0,0.4,1.0,0.45221360703148816
hybrid RRF,spelling_canon,g05_hing_lower,g05,hinglish,lower,test,623.4754279998924,en,hi_only,0.0,0.0,0.0,0.0,0.0,0.0,1.0,0.25,0.14285714285714285,0.13012668333070054
hybrid RRF,spelling_canon,g05_hing_he_for_hai,g05,hinglish,he_for_hai,test,851.5200599999844,en,all,1.0,0.2,1.0,0.2,1.0,0.2,1.0,0.4,1.0,0.44615333764087994
hybrid RRF,spelling_canon,g05_hing_he_for_hai,g05,hinglish,he_for_hai,test,851.5200599999844,en,hi_only,0.0,0.0,0.0,0.0,0.0,0.0,1.0,0.25,0.125,0.123151194370365
hybrid RRF,spelling_canon,g06_en,g06,en,,test,584.8759960001644,en,all,1.0,1.0,1.0,1.0,1.0,1.0,1.0,1.0,1.0,1.0
hybrid RRF,spelling_canon,g06_hi,g06,hi,,test,278.93548700012616,hi,all,0.0,0.0,0.0,0.0,0.0,0.0,0.0,0.0,0.0,0.0
hybrid RRF,spelling_canon,g06_hing_base,g06,hinglish,base,test,579.3272480000269,en,all,1.0,1.0,1.0,1.0,1.0,1.0,1.0,1.0,1.0,1.0
hybrid RRF,spelling_canon,g06_hing_vowel2x,g06,hinglish,vowel2x,test,590.3633340001306,en,all,1.0,1.0,1.0,1.0,1.0,1.0,1.0,1.0,1.0,1.0
hybrid RRF,spelling_canon,g06_hing_lower,g06,hinglish,lower,test,285.17256299983273,en,all,1.0,1.0,1.0,1.0,1.0,1.0,1.0,1.0,1.0,1.0
hybrid RRF,spelling_canon,g06_hing_he_for_hai,g06,hinglish,he_for_hai,test,563.9091489999828,en,all,1.0,1.0,1.0,1.0,1.0,1.0,1.0,1.0,1.0,1.0
hybrid weighted (alpha=0.5),spelling_canon,g01_en,g01,en,,test,594.6430589999636,en,all,1.0,0.16666666666666666,1.0,0.3333333333333333,1.0,0.3333333333333333,1.0,0.3333333333333333,1.0,0.4935232796777481
hybrid weighted (alpha=0.5),spelling_canon,g01_en,g01,en,,test,594.6430589999636,en,hi_only,0.0,0.0,0.0,0.0,0.0,0.0,0.0,0.0,0.0,0.0
hybrid weighted (alpha=0.5),spelling_canon,g01_hi,g01,hi,,test,403.945148000048,hi,all,1.0,0.16666666666666666,1.0,0.16666666666666666,1.0,0.16666666666666666,1.0,0.16666666666666666,1.0,0.30260241349881345
hybrid weighted (alpha=0.5),spelling_canon,g01_hi,g01,hi,,test,403.945148000048,hi,hi_only,1.0,0.3333333333333333,1.0,0.3333333333333333,1.0,0.3333333333333333,1.0,0.3333333333333333,1.0,0.46927872602275644
hybrid weighted (alpha=0.5),spelling_canon,g01_hing_base,g01,hinglish,base,test,589.2619000001105,en,all,1.0,0.16666666666666666,1.0,0.3333333333333333,1.0,0.3333333333333333,1.0,0.3333333333333333,1.0,0.4539036202482202
hybrid weighted (alpha=0.5),spelling_canon,g01_hing_base,g01,hinglish,base,test,589.2619000001105,en,hi_only,0.0,0.0,0.0,0.0,0.0,0.0,0.0,0.0,0.0,0.0
hybrid weighted (alpha=0.5),spelling_canon,g01_hing_vowel2x,g01,hinglish,vowel2x,test,603.6746600000242,en,all,1.0,0.16666666666666666,1.0,0.3333333333333333,1.0,0.3333333333333333,1.0,0.3333333333333333,1.0,0.4539036202482202
hybrid weighted (alpha=0.5),spelling_canon,g01_hing_vowel2x,g01,hinglish,vowel2x,test,603.6746600000242,en,hi_only,0.0,0.0,0.0,0.0,0.0,0.0,0.0,0.0,0.0,0.0
hybrid weighted (alpha=0.5),spelling_canon,g01_hing_lower,g01,hinglish,lower,test,300.35137800018674,en,all,1.0,0.16666666666666666,1.0,0.3333333333333333,1.0,0.3333333333333333,1.0,0.3333333333333333,1.0,0.4539036202482202
hybrid weighted (alpha=0.5),spelling_canon,g01_hing_lower,g01,hinglish,lower,test,300.35137800018674,en,hi_only,0.0,0.0,0.0,0.0,0.0,0.0,0.0,0.0,0.0,0.0
hybrid weighted (alpha=0.5),spelling_canon,g01_hing_he_for_hai,g01,hinglish,he_for_hai,test,583.9754759999778,en,all,1.0,0.16666666666666666,1.0,0.16666666666666666,1.0,0.3333333333333333,1.0,0.3333333333333333,1.0,0.4329261794091841
hybrid weighted (alpha=0.5),spelling_canon,g01_hing_he_for_hai,g01,hinglish,he_for_hai,test,583.9754759999778,en,hi_only,0.0,0.0,0.0,0.0,0.0,0.0,0.0,0.0,0.0,0.0
hybrid weighted (alpha=0.5),spelling_canon,g02_en,g02,en,,dev,602.9097400000865,en,all,1.0,0.1,1.0,0.2,1.0,0.2,1.0,0.3,1.0,0.42257499837058643
hybrid weighted (alpha=0.5),spelling_canon,g02_en,g02,en,,dev,602.9097400000865,en,hi_only,0.0,0.0,0.0,0.0,0.0,0.0,1.0,0.16666666666666666,0.1,0.0874717141014082
hybrid weighted (alpha=0.5),spelling_canon,g02_hi,g02,hi,,dev,282.776942000055,hi,all,1.0,0.1,1.0,0.2,1.0,0.2,1.0,0.4,1.0,0.46001266110046096
hybrid weighted (alpha=0.5),spelling_canon,g02_hi,g02,hi,,dev,282.776942000055,hi,hi_only,1.0,0.16666666666666666,1.0,0.3333333333333333,1.0,0.3333333333333333,1.0,0.6666666666666666,1.0,0.6324677375730864
hybrid weighted (alpha=0.5),spelling_canon,g02_hing_base,g02,hinglish,base,dev,589.9284570000418,en,all,0.0,0.0,1.0,0.1,1.0,0.1,1.0,0.3,0.3333333333333333,0.23992089480238082
hybrid weighted (alpha=0.5),spelling_canon,g02_hing_base,g02,hinglish,base,dev,589.9284570000418,en,hi_only,0.0,0.0,0.0,0.0,0.0,0.0,1.0,0.16666666666666666,0.1111111111111111,0.09109240322345806
hybrid weighted (alpha=0.5),spelling_canon,g02_hing_vowel2x,g02,hinglish,vowel2x,dev,883.5982529999455,en,all,0.0,0.0,1.0,0.1,1.0,0.1,1.0,0.3,0.3333333333333333,0.23992089480238082
hybrid weighted (alpha=0.5),spelling_canon,g02_hing_vowel2x,g02,hinglish,vowel2x,dev,883.5982529999455,en,hi_only,0.0,0.0,0.0,0.0,0.0,0.0,1.0,0.16666666666666666,0.1111111111111111,0.09109240322345806
hybrid weighted (alpha=0.5),spelling_canon,g02_hing_lower,g02,hinglish,lower,dev,286.5337549999367,en,all,0.0,0.0,1.0,0.1,1.0,0.1,1.0,0.3,0.3333333333333333,0.24703059344735182
hybrid weighted (alpha=0.5),spelling_canon,g02_hing_lower,g02,hinglish,lower,dev,286.5337549999367,en,hi_only,0.0,0.0,0.0,0.0,0.0,0.0,1.0,0.16666666666666666,0.14285714285714285,0.10086747116627115
hybrid weighted (alpha=0.5),spelling_canon,g02_hing_he_for_hai,g02,hinglish,he_for_hai,dev,602.778724000018,en,all,0.0,0.0,1.0,0.1,1.0,0.1,1.0,0.3,0.3333333333333333,0.23992089480238082
hybrid weighted (alpha=0.5),spelling_canon,g02_hing_he_for_hai,g02,hinglish,he_for_hai,dev,602.778724000018,en,hi_only,0.0,0.0,0.0,0.0,0.0,0.0,1.0,0.16666666666666666,0.1111111111111111,0.09109240322345806
hybrid weighted (alpha=0.5),spelling_canon,g03_en,g03,en,,dev,577.7273799999421,en,all,0.0,0.0,0.0,0.0,1.0,0.16666666666666666,1.0,0.16666666666666666,0.2,0.11706259313796354
hybrid weighted (alpha=0.5),spelling_canon,g03_en,g03,en,,dev,577.7273799999421,en,hi_only,0.0,0.0,0.0,0.0,0.0,0.0,0.0,0.0,0.0,0.0
hybrid weighted (alpha=0.5),spelling_canon,g03_hi,g03,hi,,dev,282.4501020002117,hi,all,1.0,0.16666666666666666,1.0,0.16666666666666666,1.0,0.3333333333333333,1.0,0.5,1.0,0.5337936505754552
hybrid weighted (alpha=0.5),spelling_canon,g03_hi,g03,hi,,dev,282.4501020002117,hi,hi_only,1.0,0.25,1.0,0.25,1.0,0.5,1.0,0.75,1.0,0.6886342695939197
hybrid weighted (alpha=0.5),spelling_canon,g03_hing_base,g03,hinglish,base,dev,589.5218739999564,en,all,0.0,0.0,0.0,0.0,0.0,0.0,0.0,0.0,0.0,0.0
hybrid weighted (alpha=0.5),spelling_canon,g03_hing_base,g03,hinglish,base,dev,589.5218739999564,en,hi_only,0.0,0.0,0.0,0.0,0.0,0.0,0.0,0.0,0.0,0.0
hybrid weighted (alpha=0.5),spelling_canon,g03_hing_vowel2x,g03,hinglish,vowel2x,dev,593.7953309999102,en,all,0.0,0.0,0.0,0.0,0.0,0.0,0.0,0.0,0.0,0.0
hybrid weighted (alpha=0.5),spelling_canon,g03_hing_vowel2x,g03,hinglish,vowel2x,dev,593.7953309999102,en,hi_only,0.0,0.0,0.0,0.0,0.0,0.0,0.0,0.0,0.0,0.0
hybrid weighted (alpha=0.5),spelling_canon,g03_hing_lower,g03,hinglish,lower,dev,292.6910669998506,en,all,0.0,0.0,0.0,0.0,0.0,0.0,0.0,0.0,0.0,0.0
hybrid weighted (alpha=0.5),spelling_canon,g03_hing_lower,g03,hinglish,lower,dev,292.6910669998506,en,hi_only,0.0,0.0,0.0,0.0,0.0,0.0,0.0,0.0,0.0,0.0
hybrid weighted (alpha=0.5),spelling_canon,g03_hing_he_for_hai,g03,hinglish,he_for_hai,dev,811.7524479998792,en,all,0.0,0.0,0.0,0.0,0.0,0.0,0.0,0.0,0.0,0.0
hybrid weighted (alpha=0.5),spelling_canon,g03_hing_he_for_hai,g03,hinglish,he_for_hai,dev,811.7524479998792,en,hi_only,0.0,0.0,0.0,0.0,0.0,0.0,0.0,0.0,0.0,0.0
hybrid weighted (alpha=0.5),spelling_canon,g04_en,g04,en,,dev,588.1916109999565,en,all,1.0,0.3333333333333333,1.0,0.6666666666666666,1.0,0.6666666666666666,1.0,0.6666666666666666,1.0,0.7653606369886217
hybrid weighted (alpha=0.5),spelling_canon,g04_en,g04,en,,dev,588.1916109999565,en,hi_only,0.0,0.0,0.0,0.0,0.0,0.0,0.0,0.0,0.0,0.0
hybrid weighted (alpha=0.5),spelling_canon,g04_hi,g04,hi,,dev,287.3207000000093,hi,all,1.0,0.3333333333333333,1.0,0.3333333333333333,1.0,0.3333333333333333,1.0,0.3333333333333333,1.0,0.46927872602275644
hybrid weighted (alpha=0.5),spelling_canon,g04_hi,g04,hi,,dev,287.3207000000093,hi,hi_only,1.0,1.0,1.0,1.0,1.0,1.0,1.0,1.0,1.0,1.0
hybrid weighted (alpha=0.5),spelling_canon,g04_hing_base,g04,hinglish,base,dev,573.5177720000593,en,all,1.0,0.3333333333333333,1.0,0.3333333333333333,1.0,0.6666666666666666,1.0,0.6666666666666666,1.0,0.6713860725233041
hybrid weighted (alpha=0.5),spelling_canon,g04_hing_base,g04,hinglish,base,dev,573.5177720000593,en,hi_only,0.0,0.0,0.0,0.0,0.0,0.0,0.0,0.0,0.0,0.0
hybrid weighted (alpha=0.5),spelling_canon,g04_hing_vowel2x,g04,hinglish,vowel2x,dev,588.0501669998921,en,all,1.0,0.3333333333333333,1.0,0.3333333333333333,1.0,0.6666666666666666,1.0,0.6666666666666666,1.0,0.6713860725233041
hybrid weighted (alpha=0.5),spelling_canon,g04_hing_vowel2x,g04,hinglish,vowel2x,dev,588.0501669998921,en,hi_only,0.0,0.0,0.0,0.0,0.0,0.0,0.0,0.0,0.0,0.0
hybrid weighted (alpha=0.5),spelling_canon,g04_hing_lower,g04,hinglish,lower,dev,286.87367599991376,en,all,1.0,0.3333333333333333,1.0,0.3333333333333333,1.0,0.6666666666666666,1.0,0.6666666666666666,1.0,0.6713860725233041
hybrid weighted (alpha=0.5),spelling_canon,g04_hing_lower,g04,hinglish,lower,dev,286.87367599991376,en,hi_only,0.0,0.0,0.0,0.0,0.0,0.0,0.0,0.0,0.0,0.0
hybrid weighted (alpha=0.5),spelling_canon,g04_hing_he_for_hai,g04,hinglish,he_for_hai,dev,568.9805239999259,en,all,1.0,0.3333333333333333,1.0,0.6666666666666666,1.0,0.6666666666666666,1.0,0.6666666666666666,1.0,0.7653606369886217
hybrid weighted (alpha=0.5),spelling_canon,g04_hing_he_for_hai,g04,hinglish,he_for_hai,dev,568.9805239999259,en,hi_only,0.0,0.0,0.0,0.0,0.0,0.0,0.0,0.0,0.0,0.0
hybrid weighted (alpha=0.5),spelling_canon,g05_en,g05,en,,test,609.0459580000243,en,all,1.0,0.2,1.0,0.2,1.0,0.2,1.0,0.4,1.0,0.4412576003965278
hybrid weighted (alpha=0.5),spelling_canon,g05_en,g05,en,,test,609.0459580000243,en,hi_only,0.0,0.0,0.0,0.0,0.0,0.0,1.0,0.25,0.1111111111111111,0.11751610475642714
hybrid weighted (alpha=0.5),spelling_canon,g05_hi,g05,hi,,test,396.68920000008256,hi,all,1.0,0.2,1.0,0.6,1.0,0.6,1.0,0.8,1.0,0.8357799744028239
hybrid weighted (alpha=0.5),spelling_canon,g05_hi,g05,hi,,test,396.68920000008256,hi,hi_only,1.0,0.25,1.0,0.75,1.0,0.75,1.0,1.0,1.0,0.9619991470595832
hybrid weighted (alpha=0.5),spelling_canon,g05_hing_base,g05,hinglish,base,test,729.6963570001935,en,all,1.0,0.2,1.0,0.2,1.0,0.2,1.0,0.4,1.0,0.44615333764087994
hybrid weighted (alpha=0.5),spelling_canon,g05_hing_base,g05,hinglish,base,test,729.6963570001935,en,hi_only,0.0,0.0,0.0,0.0,0.0,0.0,1.0,0.25,0.125,0.123151194370365
hybrid weighted (alpha=0.5),spelling_canon,g05_hing_vowel2x,g05,hinglish,vowel2x,test,623.5942700000123,en,all,1.0,0.2,1.0,0.2,1.0,0.2,1.0,0.4,1.0,0.4371994911049732
hybrid weighted (alpha=0.5),spelling_canon,g05_hing_vowel2x,g05,hinglish,vowel2x,test,623.5942700000123,en,hi_only,0.0,0.0,0.0,0.0,0.0,0.0,1.0,0.25,0.1,0.11284514134893527
hybrid weighted (alpha=0.5),spelling_canon,g05_hing_lower,g05,hinglish,lower,test,619.5508150001388,en,all,1.0,0.2,1.0,0.2,1.0,0.2,1.0,0.4,1.0,0.44615333764087994
hybrid weighted (alpha=0.5),spelling_canon,g05_hing_lower,g05,hinglish,lower,test,619.5508150001388,en,hi_only,0.0,0.0,0.0,0.0,0.0,0.0,1.0,0.25,0.125,0.123151194370365
hybrid weighted (alpha=0.5),spelling_canon,g05_hing_he_for_hai,g05,hinglish,he_for_hai,test,612.431628999957,en,all,1.0,0.2,1.0,0.2,1.0,0.2,1.0,0.4,1.0,0.4412576003965278
hybrid weighted (alpha=0.5),spelling_canon,g05_hing_he_for_hai,g05,hinglish,he_for_hai,test,612.431628999957,en,hi_only,0.0,0.0,0.0,0.0,0.0,0.0,1.0,0.25,0.1111111111111111,0.11751610475642714
hybrid weighted (alpha=0.5),spelling_canon,g06_en,g06,en,,test,567.7522139999382,en,all,1.0,1.0,1.0,1.0,1.0,1.0,1.0,1.0,1.0,1.0
hybrid weighted (alpha=0.5),spelling_canon,g06_hi,g06,hi,,test,287.0216859998891,hi,all,0.0,0.0,0.0,0.0,0.0,0.0,0.0,0.0,0.0,0.0
hybrid weighted (alpha=0.5),spelling_canon,g06_hing_base,g06,hinglish,base,test,699.3815770001675,en,all,1.0,1.0,1.0,1.0,1.0,1.0,1.0,1.0,1.0,1.0
hybrid weighted (alpha=0.5),spelling_canon,g06_hing_vowel2x,g06,hinglish,vowel2x,test,831.700519999913,en,all,1.0,1.0,1.0,1.0,1.0,1.0,1.0,1.0,1.0,1.0
hybrid weighted (alpha=0.5),spelling_canon,g06_hing_lower,g06,hinglish,lower,test,285.61952600011864,en,all,1.0,1.0,1.0,1.0,1.0,1.0,1.0,1.0,1.0,1.0
hybrid weighted (alpha=0.5),spelling_canon,g06_hing_he_for_hai,g06,hinglish,he_for_hai,test,577.7621139998246,en,all,1.0,1.0,1.0,1.0,1.0,1.0,1.0,1.0,1.0,1.0
