lang_type,alpha,ndcg@10,hit@5
en,0.0,0.36724556409107384,0.8333333333333334
en,0.1,0.3659141109263973,0.8333333333333334
en,0.2,0.4436916942623823,0.8333333333333334
en,0.3,0.47363675515985554,0.8333333333333334
en,0.4,0.5131822215376581,0.8333333333333334
en,0.5,0.5218095056966272,0.8333333333333334
en,0.6,0.5388257382171124,0.8333333333333334
en,0.7,0.5810263325454789,0.8333333333333334
en,0.8,0.6499493075830566,1.0
en,0.9,0.698631442557165,1.0
en,1.0,0.7684916957548714,1.0
hi,0.0,0.37336167079041055,0.8333333333333334
hi,0.1,0.3855726766115574,0.8333333333333334
hi,0.2,0.40840065102694756,0.8333333333333334
hi,0.3,0.4295534880430507,0.8333333333333334
hi,0.4,0.43301263147515195,0.8333333333333334
hi,0.5,0.4410798513827528,0.8333333333333334
hi,0.6,0.44204825700572375,0.8333333333333334
hi,0.7,0.4539447051958194,0.8333333333333334
hi,0.8,0.5789805492934653,0.8333333333333334
hi,0.9,0.6650143538026422,1.0
hi,1.0,0.6962137089709309,1.0
hinglish,0.0,0.2082216558404843,0.5555555555555556
hinglish,0.1,0.24927843630956462,0.5555555555555556
hinglish,0.2,0.2846408634855564,0.7222222222222222
hinglish,0.3,0.31919180099929334,0.8888888888888888
hinglish,0.4,0.4020760748207966,0.8888888888888888
hinglish,0.5,0.45310755640320355,0.8888888888888888
hinglish,0.6,0.48487705301857187,0.8333333333333334
hinglish,0.7,0.5019203014814475,0.8333333333333334
hinglish,0.8,0.527856799259552,0.8333333333333334
hinglish,0.9,0.537561753971551,0.9444444444444444
hinglish,1.0,0.5427914974923584,1.0
