method,transform,qid,group_id,lang_type,variant,latency_ms,top1_lang,hit@1,recall@1,hit@3,recall@3,hit@5,recall@5,hit@10,recall@10,mrr@10,ndcg@10
bm25 (sparse),none,g01_en,g01,en,,8.235819999981686,en,0.0,0.0,1.0,0.3333333333333333,1.0,0.3333333333333333,1.0,0.3333333333333333,0.5,0.3422220729283414
bm25 (sparse),none,g01_hi,g01,hi,,1.6373660000681411,hi,1.0,0.16666666666666666,1.0,0.16666666666666666,1.0,0.16666666666666666,1.0,0.16666666666666666,1.0,0.30260241349881345
bm25 (sparse),none,g01_hing1,g01,hinglish,v1,1.4123680000466265,en,1.0,0.16666666666666666,1.0,0.16666666666666666,1.0,0.16666666666666666,1.0,0.3333333333333333,1.0,0.4103915680233244
bm25 (sparse),none,g01_hing2,g01,hinglish,v2,3.406540000014502,en,1.0,0.16666666666666666,1.0,0.16666666666666666,1.0,0.16666666666666666,1.0,0.3333333333333333,1.0,0.4103915680233244
bm25 (sparse),none,g01_hing3,g01,hinglish,v3,3.431551999938165,en,0.0,0.0,0.0,0.0,1.0,0.16666666666666666,1.0,0.3333333333333333,0.2,0.20453430723937174
bm25 (sparse),none,g02_en,g02,en,,3.84706499994536,en,1.0,0.1,1.0,0.2,1.0,0.2,1.0,0.2,1.0,0.3589542101716347
bm25 (sparse),none,g02_hi,g02,hi,,3.452609999840206,hi,1.0,0.1,1.0,0.1,1.0,0.2,1.0,0.3,1.0,0.3746661058764784
bm25 (sparse),none,g02_hing1,g02,hinglish,v1,1.231662000009237,en,0.0,0.0,0.0,0.0,1.0,0.1,1.0,0.2,0.2,0.15457433957839825
bm25 (sparse),none,g02_hing2,g02,hinglish,v2,3.197054000111166,en,0.0,0.0,0.0,0.0,1.0,0.1,1.0,0.2,0.2,0.15457433957839825
bm25 (sparse),none,g02_hing3,g02,hinglish,v3,2.984696999874359,en,0.0,0.0,0.0,0.0,1.0,0.1,1.0,0.2,0.2,0.15457433957839825
bm25 (sparse),none,g03_en,g03,en,,1.5488789999835717,en,0.0,0.0,0.0,0.0,0.0,0.0,1.0,0.16666666666666666,0.125,0.09546043308946733
bm25 (sparse),none,g03_hi,g03,hi,,5.576335000114341,hi,1.0,0.16666666666666666,1.0,0.16666666666666666,1.0,0.3333333333333333,1.0,0.3333333333333333,1.0,0.41966500663677697
bm25 (sparse),none,g03_hing1,g03,hinglish,v1,7.624432000056913,en,0.0,0.0,0.0,0.0,0.0,0.0,0.0,0.0,0.0,0.0
bm25 (sparse),none,g03_hing2,g03,hinglish,v2,3.4681219999583845,en,0.0,0.0,0.0,0.0,0.0,0.0,0.0,0.0,0.0,0.0
bm25 (sparse),none,g03_hing3,g03,hinglish,v3,5.258478000087052,en,0.0,0.0,1.0,0.16666666666666666,1.0,0.16666666666666666,1.0,0.16666666666666666,0.5,0.19092086617893467
bm25 (sparse),none,g04_en,g04,en,,5.830865999996604,en,0.0,0.0,1.0,0.3333333333333333,1.0,0.6666666666666666,1.0,0.6666666666666666,0.3333333333333333,0.4367467095119258
bm25 (sparse),none,g04_hi,g04,hi,,1.4504419998502271,hi,1.0,0.3333333333333333,1.0,0.3333333333333333,1.0,0.3333333333333333,1.0,0.3333333333333333,1.0,0.46927872602275644
bm25 (sparse),none,g04_hing1,g04,hinglish,v1,5.4865800000243325,en,0.0,0.0,0.0,0.0,0.0,0.0,1.0,0.6666666666666666,0.125,0.2836929289153804
bm25 (sparse),none,g04_hing2,g04,hinglish,v2,5.527184999891688,en,0.0,0.0,0.0,0.0,0.0,0.0,1.0,0.6666666666666666,0.125,0.2836929289153804
bm25 (sparse),none,g04_hing3,g04,hinglish,v3,5.660436999960439,en,0.0,0.0,0.0,0.0,0.0,0.0,0.0,0.0,0.0,0.0
bm25 (sparse),none,g05_en,g05,en,,5.170797999880961,en,1.0,0.2,1.0,0.2,1.0,0.2,1.0,0.2,1.0,0.3391602052736161
bm25 (sparse),none,g05_hi,g05,hi,,3.902449999941382,hi,1.0,0.2,1.0,0.4,1.0,0.4,1.0,0.6,1.0,0.6739577727076379
bm25 (sparse),none,g05_hing1,g05,hinglish,v1,2.6091889999406703,en,0.0,0.0,1.0,0.2,1.0,0.2,1.0,0.2,0.5,0.21398626473452756
bm25 (sparse),none,g05_hing2,g05,hinglish,v2,4.560925000077987,en,0.0,0.0,1.0,0.2,1.0,0.2,1.0,0.2,0.5,0.21398626473452756
bm25 (sparse),none,g05_hing3,g05,hinglish,v3,3.4919120000722614,en,0.0,0.0,1.0,0.2,1.0,0.2,1.0,0.2,0.3333333333333333,0.16958010263680806
bm25 (sparse),none,g06_en,g06,en,,2.6500620001570496,en,0.0,0.0,1.0,1.0,1.0,1.0,1.0,1.0,0.5,0.6309297535714575
bm25 (sparse),none,g06_hi,g06,hi,,1.2888169999314414,hi,0.0,0.0,0.0,0.0,0.0,0.0,0.0,0.0,0.0,0.0
bm25 (sparse),none,g06_hing1,g06,hinglish,v1,4.290362000119785,en,0.0,0.0,0.0,0.0,0.0,0.0,1.0,1.0,0.1111111111111111,0.3010299956639812
bm25 (sparse),none,g06_hing2,g06,hinglish,v2,3.194656000005125,en,0.0,0.0,0.0,0.0,0.0,0.0,1.0,1.0,0.1111111111111111,0.3010299956639812
bm25 (sparse),none,g06_hing3,g06,hinglish,v3,1.178715999913038,en,0.0,0.0,0.0,0.0,0.0,0.0,1.0,1.0,0.1111111111111111,0.3010299956639812
dense,none,g01_en,g01,en,,1044.7853220000525,en,1.0,0.16666666666666666,1.0,0.5,1.0,0.5,1.0,0.5,1.0,0.644824486427155
dense,none,g01_hi,g01,hi,,930.9877260000121,hi,1.0,0.16666666666666666,1.0,0.3333333333333333,1.0,0.3333333333333333,1.0,0.5,1.0,0.5493640533376876
dense,none,g01_hing1,g01,hinglish,v1,670.5341210001734,en,1.0,0.16666666666666666,1.0,0.16666666666666666,1.0,0.3333333333333333,1.0,0.5,1.0,0.540715333933695
dense,none,g01_hing2,g01,hinglish,v2,607.1877819999827,en,1.0,0.16666666666666666,1.0,0.3333333333333333,1.0,0.3333333333333333,1.0,0.5,1.0,0.5547710914144913
dense,none,g01_hing3,g01,hinglish,v3,571.7757780000738,en,0.0,0.0,0.0,0.0,1.0,0.16666666666666666,1.0,0.5,0.25,0.32228364030009987
dense,none,g02_en,g02,en,,671.6241859999172,en,1.0,0.1,1.0,0.3,1.0,0.4,1.0,0.5,1.0,0.6300426811446146
dense,none,g02_hi,g02,hi,,611.4703139999165,hi,1.0,0.1,1.0,0.2,1.0,0.3,1.0,0.4,1.0,0.5199967979955745
dense,none,g02_hing1,g02,hinglish,v1,585.7193980000375,en,1.0,0.1,1.0,0.1,1.0,0.1,1.0,0.4,1.0,0.43810818083050457
dense,none,g02_hing2,g02,hinglish,v2,653.5795309998775,en,0.0,0.0,1.0,0.2,1.0,0.2,1.0,0.3,0.5,0.31833954895937183
dense,none,g02_hing3,g02,hinglish,v3,550.2203689998169,en,0.0,0.0,1.0,0.1,1.0,0.1,1.0,0.2,0.3333333333333333,0.17947710508581735
dense,none,g03_en,g03,en,,608.5099040001296,hi,1.0,0.16666666666666666,1.0,0.16666666666666666,1.0,0.16666666666666666,1.0,0.5,1.0,0.5112590391895955
dense,none,g03_hi,g03,hi,,551.4397929998722,hi,1.0,0.16666666666666666,1.0,0.3333333333333333,1.0,0.5,1.0,0.5,1.0,0.5709662133861837
dense,none,g03_hing1,g03,hinglish,v1,570.8796139999777,en,0.0,0.0,1.0,0.16666666666666666,1.0,0.16666666666666666,1.0,0.16666666666666666,0.5,0.19092086617893467
dense,none,g03_hing2,g03,hinglish,v2,553.6785449999115,en,0.0,0.0,0.0,0.0,1.0,0.16666666666666666,1.0,0.3333333333333333,0.2,0.20815499636142162
dense,none,g03_hing3,g03,hinglish,v3,631.0189850000825,en,0.0,0.0,0.0,0.0,1.0,0.16666666666666666,1.0,0.16666666666666666,0.25,0.13032376591037062
dense,none,g04_en,g04,en,,541.6249639999933,en,1.0,0.3333333333333333,1.0,1.0,1.0,1.0,1.0,1.0,1.0,1.0
dense,none,g04_hi,g04,hi,,558.2051269998374,hi,1.0,0.3333333333333333,1.0,0.6666666666666666,1.0,1.0,1.0,1.0,1.0,0.9060254355346823
dense,none,g04_hing1,g04,hinglish,v1,648.6290529999224,en,1.0,0.3333333333333333,1.0,0.6666666666666666,1.0,0.6666666666666666,1.0,1.0,1.0,0.9325210919548239
dense,none,g04_hing2,g04,hinglish,v2,547.4173299999165,en,1.0,0.3333333333333333,1.0,0.3333333333333333,1.0,1.0,1.0,1.0,1.0,0.8529278650606567
dense,none,g04_hing3,g04,hinglish,v3,625.2645009999469,en,1.0,0.3333333333333333,1.0,0.6666666666666666,1.0,1.0,1.0,1.0,1.0,0.9674679834891693
dense,none,g05_en,g05,en,,798.391317000096,en,1.0,0.2,1.0,0.6,1.0,0.6,1.0,0.8,1.0,0.8248239677678635
dense,none,g05_hi,g05,hi,,939.1714579999189,hi,1.0,0.2,1.0,0.6,1.0,1.0,1.0,1.0,1.0,1.0
dense,none,g05_hing1,g05,hinglish,v1,1098.1687650000822,en,1.0,0.2,1.0,0.4,1.0,0.4,1.0,0.6,1.0,0.6217937096682962
dense,none,g05_hing2,g05,hinglish,v2,830.0189859999136,en,1.0,0.2,1.0,0.2,1.0,0.2,1.0,0.6,1.0,0.5730249097309823
dense,none,g05_hing3,g05,hinglish,v3,581.3279010001224,en,1.0,0.2,1.0,0.4,1.0,0.4,1.0,0.4,1.0,0.5087403079104241
dense,none,g06_en,g06,en,,588.9027330001682,en,1.0,1.0,1.0,1.0,1.0,1.0,1.0,1.0,1.0,1.0
dense,none,g06_hi,g06,hi,,597.8776869999365,hi,0.0,0.0,1.0,1.0,1.0,1.0,1.0,1.0,0.5,0.6309297535714575
dense,none,g06_hing1,g06,hinglish,v1,1438.41673299994,en,1.0,1.0,1.0,1.0,1.0,1.0,1.0,1.0,1.0,1.0
dense,none,g06_hing2,g06,hinglish,v2,1615.8296940000128,en,1.0,1.0,1.0,1.0,1.0,1.0,1.0,1.0,1.0,1.0
dense,none,g06_hing3,g06,hinglish,v3,4122.793875999832,en,0.0,0.0,0.0,0.0,1.0,1.0,1.0,1.0,0.25,0.43067655807339306
hybrid RRF,none,g01_en,g01,en,,713.6893540000528,en,1.0,0.16666666666666666,1.0,0.3333333333333333,1.0,0.3333333333333333,1.0,0.3333333333333333,1.0,0.4935232796777481
hybrid RRF,none,g01_hi,g01,hi,,867.9874290000953,hi,1.0,0.16666666666666666,1.0,0.16666666666666666,1.0,0.16666666666666666,1.0,0.16666666666666666,1.0,0.30260241349881345
hybrid RRF,none,g01_hing1,g01,hinglish,v1,977.5126209999598,en,1.0,0.16666666666666666,1.0,0.3333333333333333,1.0,0.3333333333333333,1.0,0.3333333333333333,1.0,0.4539036202482202
hybrid RRF,none,g01_hing2,g01,hinglish,v2,1088.1062829998882,en,1.0,0.16666666666666666,1.0,0.3333333333333333,1.0,0.3333333333333333,1.0,0.3333333333333333,1.0,0.4539036202482202
hybrid RRF,none,g01_hing3,g01,hinglish,v3,817.7132979999442,en,0.0,0.0,1.0,0.16666666666666666,1.0,0.16666666666666666,1.0,0.3333333333333333,0.5,0.29178833734520576
hybrid RRF,none,g02_en,g02,en,,1096.1062629999105,en,1.0,0.1,1.0,0.2,1.0,0.2,1.0,0.3,1.0,0.42520843362602373
hybrid RRF,none,g02_hi,g02,hi,,567.1181709999473,hi,1.0,0.1,1.0,0.2,1.0,0.2,1.0,0.5,1.0,0.533376583199821
hybrid RRF,none,g02_hing1,g02,hinglish,v1,656.3823609999417,en,0.0,0.0,1.0,0.1,1.0,0.1,1.0,0.4,0.3333333333333333,0.3280622976814645
hybrid RRF,none,g02_hing2,g02,hinglish,v2,746.8929149999894,en,0.0,0.0,1.0,0.1,1.0,0.1,1.0,0.3,0.3333333333333333,0.2520649403266671
hybrid RRF,none,g02_hing3,g02,hinglish,v3,633.52395600009,en,0.0,0.0,1.0,0.1,1.0,0.1,1.0,0.3,0.3333333333333333,0.2618080742270754
hybrid RRF,none,g03_en,g03,en,,648.8055569998323,en,0.0,0.0,0.0,0.0,0.0,0.0,1.0,0.16666666666666666,0.1111111111111111,0.09109240322345806
hybrid RRF,none,g03_hi,g03,hi,,745.1413109999976,hi,1.0,0.16666666666666666,1.0,0.16666666666666666,1.0,0.3333333333333333,1.0,0.5,1.0,0.5283866124986514
hybrid RRF,none,g03_hing1,g03,hinglish,v1,352.0183799998904,en,0.0,0.0,0.0,0.0,0.0,0.0,0.0,0.0,0.0,0.0
hybrid RRF,none,g03_hing2,g03,hinglish,v2,367.83141699993394,en,0.0,0.0,0.0,0.0,0.0,0.0,0.0,0.0,0.0,0.0
hybrid RRF,none,g03_hing3,g03,hinglish,v3,354.36563999996906,en,0.0,0.0,0.0,0.0,0.0,0.0,0.0,0.0,0.0,0.0
hybrid RRF,none,g04_en,g04,en,,298.3435329999793,en,1.0,0.3333333333333333,1.0,0.6666666666666666,1.0,0.6666666666666666,1.0,0.6666666666666666,1.0,0.7653606369886217
hybrid RRF,none,g04_hi,g04,hi,,297.90456199998516,hi,1.0,0.3333333333333333,1.0,0.3333333333333333,1.0,0.3333333333333333,1.0,0.3333333333333333,1.0,0.46927872602275644
hybrid RRF,none,g04_hing1,g04,hinglish,v1,287.8758629999538,en,1.0,0.3333333333333333,1.0,0.6666666666666666,1.0,0.6666666666666666,1.0,0.6666666666666666,1.0,0.7653606369886217
hybrid RRF,none,g04_hing2,g04,hinglish,v2,304.0906910000558,en,0.0,0.0,1.0,0.3333333333333333,1.0,0.6666666666666666,1.0,0.6666666666666666,0.5,0.4776237035032179
hybrid RRF,none,g04_hing3,g04,hinglish,v3,300.24156300009963,en,1.0,0.3333333333333333,1.0,0.6666666666666666,1.0,0.6666666666666666,1.0,0.6666666666666666,1.0,0.7653606369886217
hybrid RRF,none,g05_en,g05,en,,330.8857709998847,en,1.0,0.2,1.0,0.2,1.0,0.2,1.0,0.2,1.0,0.3391602052736161
hybrid RRF,none,g05_hi,g05,hi,,361.659821999865,hi,1.0,0.2,1.0,0.6,1.0,0.6,1.0,0.8,1.0,0.8357799744028239
hybrid RRF,none,g05_hing1,g05,hinglish,v1,371.4990770001805,en,1.0,0.2,1.0,0.2,1.0,0.4,1.0,0.4,1.0,0.4703652827859579
hybrid RRF,none,g05_hing2,g05,hinglish,v2,377.6027379999505,en,1.0,0.2,1.0,0.2,1.0,0.4,1.0,0.4,1.0,0.4703652827859579
hybrid RRF,none,g05_hing3,g05,hinglish,v3,339.89230900010625,en,1.0,0.2,1.0,0.2,1.0,0.4,1.0,0.4,1.0,0.4703652827859579
hybrid RRF,none,g06_en,g06,en,,294.1447900000185,en,1.0,1.0,1.0,1.0,1.0,1.0,1.0,1.0,1.0,1.0
hybrid RRF,none,g06_hi,g06,hi,,353.792569999996,hi,0.0,0.0,0.0,0.0,0.0,0.0,0.0,0.0,0.0,0.0
hybrid RRF,none,g06_hing1,g06,hinglish,v1,378.55103299989423,en,0.0,0.0,1.0,1.0,1.0,1.0,1.0,1.0,0.5,0.6309297535714575
hybrid RRF,none,g06_hing2,g06,hinglish,v2,372.6610559999699,en,0.0,0.0,1.0,1.0,1.0,1.0,1.0,1.0,0.5,0.6309297535714575
hybrid RRF,none,g06_hing3,g06,hinglish,v3,536.7253970000547,en,1.0,1.0,1.0,1.0,1.0,1.0,1.0,1.0,1.0,1.0
hybrid weighted (alpha=0.5),none,g01_en,g01,en,,498.5529780001343,en,1.0,0.16666666666666666,1.0,0.3333333333333333,1.0,0.3333333333333333,1.0,0.3333333333333333,1.0,0.4935232796777481
hybrid weighted (alpha=0.5),none,g01_hi,g01,hi,,474.19889000002513,hi,1.0,0.16666666666666666,1.0,0.16666666666666666,1.0,0.16666666666666666,1.0,0.16666666666666666,1.0,0.30260241349881345
hybrid weighted (alpha=0.5),none,g01_hing1,g01,hinglish,v1,530.3789980000602,en,1.0,0.16666666666666666,1.0,0.3333333333333333,1.0,0.3333333333333333,1.0,0.3333333333333333,1.0,0.4539036202482202
hybrid weighted (alpha=0.5),none,g01_hing2,g01,hinglish,v2,533.0714939998416,en,1.0,0.16666666666666666,1.0,0.16666666666666666,1.0,0.3333333333333333,1.0,0.3333333333333333,1.0,0.4329261794091841
hybrid weighted (alpha=0.5),none,g01_hing3,g01,hinglish,v3,576.4509180000914,en,0.0,0.0,1.0,0.16666666666666666,1.0,0.16666666666666666,1.0,0.3333333333333333,0.5,0.28201326940239274
hybrid weighted (alpha=0.5),none,g02_en,g02,en,,440.98887500013007,en,1.0,0.1,1.0,0.2,1.0,0.2,1.0,0.3,1.0,0.43735247915031
hybrid weighted (alpha=0.5),none,g02_hi,g02,hi,,323.2610190000287,hi,1.0,0.1,1.0,0.2,1.0,0.2,1.0,0.4,1.0,0.48882922182497546
hybrid weighted (alpha=0.5),none,g02_hing1,g02,hinglish,v1,334.64877599999454,en,0.0,0.0,1.0,0.1,1.0,0.1,1.0,0.3,0.3333333333333333,0.24573132854020638
hybrid weighted (alpha=0.5),none,g02_hing2,g02,hinglish,v2,397.4954399998296,en,0.0,0.0,1.0,0.1,1.0,0.1,1.0,0.3,0.3333333333333333,0.24703059344735182
hybrid weighted (alpha=0.5),none,g02_hing3,g02,hinglish,v3,393.26193300007617,en,0.0,0.0,1.0,0.1,1.0,0.1,1.0,0.2,0.3333333333333333,0.1736666713479918
hybrid weighted (alpha=0.5),none,g03_en,g03,en,,360.71928299998035,en,0.0,0.0,0.0,0.0,0.0,0.0,1.0,0.16666666666666666,0.125,0.09546043308946733
hybrid weighted (alpha=0.5),none,g03_hi,g03,hi,,347.81460499993955,hi,1.0,0.16666666666666666,1.0,0.16666666666666666,1.0,0.5,1.0,0.5,1.0,0.5499887725471476
hybrid weighted (alpha=0.5),none,g03_hing1,g03,hinglish,v1,324.24909599990315,en,0.0,0.0,0.0,0.0,0.0,0.0,0.0,0.0,0.0,0.0
hybrid weighted (alpha=0.5),none,g03_hing2,g03,hinglish,v2,299.8792879998291,en,0.0,0.0,0.0,0.0,0.0,0.0,0.0,0.0,0.0,0.0
hybrid weighted (alpha=0.5),none,g03_hing3,g03,hinglish,v3,291.9959089999793,en,0.0,0.0,0.0,0.0,1.0,0.16666666666666666,1.0,0.16666666666666666,0.2,0.11706259313796354
hybrid weighted (alpha=0.5),none,g04_en,g04,en,,319.3809510000847,en,1.0,0.3333333333333333,1.0,0.6666666666666666,1.0,0.6666666666666666,1.0,0.6666666666666666,1.0,0.7653606369886217
hybrid weighted (alpha=0.5),none,g04_hi,g04,hi,,306.47556200005965,hi,1.0,0.3333333333333333,1.0,0.3333333333333333,1.0,0.3333333333333333,1.0,0.3333333333333333,1.0,0.46927872602275644
hybrid weighted (alpha=0.5),none,g04_hing1,g04,hinglish,v1,348.7099029998717,en,1.0,0.3333333333333333,1.0,0.6666666666666666,1.0,0.6666666666666666,1.0,0.6666666666666666,1.0,0.7039180890341347
hybrid weighted (alpha=0.5),none,g04_hing2,g04,hinglish,v2,389.7986250001395,en,0.0,0.0,1.0,0.3333333333333333,1.0,0.6666666666666666,1.0,0.6666666666666666,0.5,0.49818925746641285
hybrid weighted (alpha=0.5),none,g04_hing3,g04,hinglish,v3,347.6676560001124,en,0.0,0.0,1.0,0.6666666666666666,1.0,0.6666666666666666,1.0,1.0,0.5,0.6719882468370725
hybrid weighted (alpha=0.5),none,g05_en,g05,en,,357.6720569999452,en,1.0,0.2,1.0,0.2,1.0,0.2,1.0,0.2,1.0,0.3391602052736161
hybrid weighted (alpha=0.5),none,g05_hi,g05,hi,,369.01416700015943,hi,1.0,0.2,1.0,0.6,1.0,0.6,1.0,0.8,1.0,0.8357799744028239
hybrid weighted (alpha=0.5),none,g05_hing1,g05,hinglish,v1,361.24697899981584,en,1.0,0.2,1.0,0.2,1.0,0.2,1.0,0.4,1.0,0.44615333764087994
hybrid weighted (alpha=0.5),none,g05_hing2,g05,hinglish,v2,337.6157069999408,en,1.0,0.2,1.0,0.2,1.0,0.2,1.0,0.4,1.0,0.4371994911049732
hybrid weighted (alpha=0.5),none,g05_hing3,g05,hinglish,v3,315.6419490001099,en,1.0,0.2,1.0,0.2,1.0,0.2,1.0,0.4,1.0,0.44615333764087994
hybrid weighted (alpha=0.5),none,g06_en,g06,en,,288.0462929999794,en,1.0,1.0,1.0,1.0,1.0,1.0,1.0,1.0,1.0,1.0
hybrid weighted (alpha=0.5),none,g06_hi,g06,hi,,296.47395699998924,hi,0.0,0.0,0.0,0.0,0.0,0.0,0.0,0.0,0.0,0.0
hybrid weighted (alpha=0.5),none,g06_hing1,g06,hinglish,v1,297.0652209999116,en,1.0,1.0,1.0,1.0,1.0,1.0,1.0,1.0,1.0,1.0
hybrid weighted (alpha=0.5),none,g06_hing2,g06,hinglish,v2,309.3024580000474,en,1.0,1.0,1.0,1.0,1.0,1.0,1.0,1.0,1.0,1.0
hybrid weighted (alpha=0.5),none,g06_hing3,g06,hinglish,v3,348.68801900006474,en,1.0,1.0,1.0,1.0,1.0,1.0,1.0,1.0,1.0,1.0
