transform,method,lang_type,hit@1,hit@3,hit@5,hit@10,recall@1,recall@3,recall@5,recall@10,mrr@10,ndcg@10,latency_ms
none,bm25 (sparse),en,0.333,0.833,0.833,1.0,0.05,0.344,0.4,0.428,0.576,0.367,4.547
none,bm25 (sparse),hi,0.833,0.833,0.833,0.833,0.161,0.194,0.239,0.289,0.833,0.373,2.885
none,bm25 (sparse),hinglish,0.111,0.333,0.556,0.833,0.019,0.061,0.087,0.372,0.29,0.208,3.779
none,dense,en,1.0,1.0,1.0,1.0,0.328,0.594,0.611,0.717,1.0,0.768,708.973
none,dense,hi,0.833,1.0,1.0,1.0,0.161,0.522,0.689,0.733,0.917,0.696,698.192
none,dense,hinglish,0.611,0.778,1.0,1.0,0.224,0.319,0.467,0.593,0.738,0.543,939.026
none,hybrid RRF,en,0.833,0.833,0.833,1.0,0.3,0.4,0.4,0.444,0.852,0.519,563.663
none,hybrid RRF,hi,0.833,0.833,0.833,0.833,0.161,0.244,0.272,0.383,0.833,0.445,532.267
none,hybrid RRF,hinglish,0.444,0.833,0.833,0.833,0.144,0.356,0.407,0.456,0.611,0.429,514.638
none,hybrid weighted (alpha=0.5),en,0.833,0.833,0.833,1.0,0.3,0.4,0.4,0.444,0.854,0.522,377.56
none,hybrid weighted (alpha=0.5),hi,0.833,0.833,0.833,0.833,0.161,0.244,0.3,0.367,0.833,0.441,352.873
none,hybrid weighted (alpha=0.5),hinglish,0.5,0.833,0.889,0.889,0.237,0.346,0.383,0.472,0.65,0.453,374.287
