query_id,topic,language,query_text,naturalness_ok,notes
rajasthan_q0_en,rajasthan,en,What is the capital of Rajasthan?,,
rajasthan_q0_hi,rajasthan,hi,राजस्थान की राजधानी क्या है?,,
rajasthan_q0_hinglish,rajasthan,hinglish,Rajasthan ki capital kya hai?,,
rajasthan_q1_en,rajasthan,en,Which desert is located in Rajasthan?,,
rajasthan_q1_hi,rajasthan,hi,रजस्थान में कौन सा रेगिस्तान स्थित है?,,
rajasthan_q1_hinglish,rajasthan,hinglish,Rajasthan mein kaun sa desert hai?,,
rajasthan_q2_en,rajasthan,en,What is the official language of Rajasthan?,,
rajasthan_q2_hi,rajasthan,hi,राजस्थान की आधिकारिक भाषा क्या है?,,
rajasthan_q2_hinglish,rajasthan,hinglish,Rajasthan ki official language kya hai?,,
kerala_q0_en,kerala,en,What is the capital of Kerala?,,
kerala_q0_hi,kerala,hi,केरल की राजधानी क्या है?,,
kerala_q0_hinglish,kerala,hinglish,Kerala ki capital kya hai?,,
kerala_q1_en,kerala,en,Which river is the longest in Kerala?,,
kerala_q1_hi,kerala,hi,केरल में सबसे लंबी नदी कौन सी है?,,
kerala_q1_hinglish,kerala,hinglish,Kerala ki sabse lambi nadi kaun si hai?,,
kerala_q2_en,kerala,en,What is the literacy rate of Kerala known for in India?,,
kerala_q2_hi,kerala,hi,भारत में केरल की साक्षरता दर कितनी है?,,
kerala_q2_hinglish,kerala,hinglish,India mein Kerala ki literacy rate kitni hai?,,
punjab_q0_en,punjab,en,What is the capital of Punjab?,,
punjab_q0_hi,punjab,hi,पंजाब की राजधानी क्या है?,,
punjab_q0_hinglish,punjab,hinglish,Punjab ki rajdhani kya hai?,,
punjab_q1_en,punjab,en,Which river gives Punjab its name?,,
punjab_q1_hi,punjab,hi,किस नदी ने पंजाब का नाम दिया?,,
punjab_q1_hinglish,punjab,hinglish,Kaun si nadi ne Punjab ka naam diya?,,
punjab_q2_en,punjab,en,What is the main language spoken in Punjab?,,
punjab_q2_hi,punjab,hi,पंजाब में मुख्य भाषा कौन सी है?,,
punjab_q2_hinglish,punjab,hinglish,Punjab mein main language kya hai?,,
maharashtra_q0_en,maharashtra,en,What is the capital of Maharashtra?,,
maharashtra_q0_hi,maharashtra,hi,महाराष्ट्र की राजधानी क्या है?,,
maharashtra_q0_hinglish,maharashtra,hinglish,Maharashtra ki rajdhani kya hai?,,
maharashtra_q1_en,maharashtra,en,Which dance form is famous in Maharashtra?,,
maharashtra_q1_hi,maharashtra,hi,महाराष्ट्र में कौन सा नृत्य रूप प्रसिद्ध है?,,
maharashtra_q1_hinglish,maharashtra,hinglish,Maharashtra mein kaun sa dance form famous hai?,,
maharashtra_q2_en,maharashtra,en,What is the official language of Maharashtra?,,
maharashtra_q2_hi,maharashtra,hi,महाराष्ट्र की आधिकारिक भाषा क्या है?,,
maharashtra_q2_hinglish,maharashtra,hinglish,Maharashtra ki official language kya hai?,,
uttar_pradesh_q0_en,uttar_pradesh,en,What is the capital of Uttar Pradesh?,,
uttar_pradesh_q0_hi,uttar_pradesh,hi,उत्तर प्रदेश की राजधानी क्या है?,,
uttar_pradesh_q0_hinglish,uttar_pradesh,hinglish,Uttar Pradesh ki capital kya hai?,,
uttar_pradesh_q1_en,uttar_pradesh,en,"Which famous monument is located in Agra, Uttar Pradesh?",,
uttar_pradesh_q1_hi,uttar_pradesh,hi,"अगरा, उत्तर प्रदेश में कौन सा प्रसिद्ध स्मारक स्थित है?",,
uttar_pradesh_q1_hinglish,uttar_pradesh,hinglish,"Agra, Uttar Pradesh mein kaun sa mashhoor monument hai?",,
uttar_pradesh_q2_en,uttar_pradesh,en,What is the most populated state in India?,,
uttar_pradesh_q2_hi,uttar_pradesh,hi,भारत का सबसे अधिक जनसंख्या वाला राज्य कौन सा है?,,
uttar_pradesh_q2_hinglish,uttar_pradesh,hinglish,India ka sabse zyada population wala state kaun sa hai?,,
bihar_q0_en,bihar,en,What is the capital of Bihar?,,
bihar_q0_hi,bihar,hi,बिहार की राजधानी क्या है?,,
bihar_q0_hinglish,bihar,hinglish,Bihar ki rajdhani kya hai?,,
bihar_q1_en,bihar,en,Which ancient university was located in Bihar?,,
bihar_q1_hi,bihar,hi,बिहार में कौन सी प्राचीन विश्वविद्यालय स्थित थी?,,
bihar_q1_hinglish,bihar,hinglish,Bihar mein kaun si prachin university thi?,,
bihar_q2_en,bihar,en,What is the official language of Bihar?,,
bihar_q2_hi,bihar,hi,बिहार की आधिकारिक भाषा क्या है?,,
bihar_q2_hinglish,bihar,hinglish,Bihar ki official language kya hai?,,
gujarat_q0_en,gujarat,en,What is the capital of Gujarat?,,
gujarat_q0_hi,gujarat,hi,गुजरात की राजधानी क्या है?,,
gujarat_q0_hinglish,gujarat,hinglish,Gujarat ki capital kya hai?,,
gujarat_q1_en,gujarat,en,Which sea borders Gujarat on the west?,,
gujarat_q1_hi,gujarat,hi,गुजरात के पश्चिम में कौन सा समुद्र है?,,
gujarat_q1_hinglish,gujarat,hinglish,Gujarat ke west mein kaun sa sea hai?,,
gujarat_q2_en,gujarat,en,What is the official language of Gujarat?,,
gujarat_q2_hi,gujarat,hi,गुजरात की आधिकारिक भाषा क्या है?,,
gujarat_q2_hinglish,gujarat,hinglish,Gujarat ki official language kya hai?,,
tamil_nadu_q0_en,tamil_nadu,en,What is the capital of Tamil Nadu?,,
tamil_nadu_q0_hi,tamil_nadu,hi,तमिलनाडु की राजधानी क्या है?,,
tamil_nadu_q0_hinglish,tamil_nadu,hinglish,Tamil Nadu ki rajdhani kya hai?,,
tamil_nadu_q1_en,tamil_nadu,en,Which classical dance form originated in Tamil Nadu?,,
tamil_nadu_q1_hi,tamil_nadu,hi,तमिलनाडु में उत्पन्न होने वाला कौन सा शास्त्रीय नृत्य रूप है?,,
tamil_nadu_q1_hinglish,tamil_nadu,hinglish,Tamill Nadu mein kaun sa classical dance form hai?,,
tamil_nadu_q2_en,tamil_nadu,en,What is the official language of Tamil Nadu?,,
tamil_nadu_q2_hi,tamil_nadu,hi,तमिलनाडु की आधिकारिक भाषा क्या है?,,
tamil_nadu_q2_hinglish,tamil_nadu,hinglish,Tamil Nadu ki official language kya hai?,,
